番号,119,
名前,坂田 合欢乃
呼び名,合欢乃,
基礎,体力,2100
基礎,气力,1800
基礎,勃起,1500
基礎,精力,10000
基礎,法力,1000
基礎,情绪,1500
基礎,理性,1000
基礎,愤怒,1000
基礎,工作量,0
基礎,深度,2000
基礎,酒气,1800
素質,处女,1
素質,性别,1
素質,胆量,1;坚强
素質,冷漠,1
素質,性的兴趣,-1;保守的
素質,难以越过的底线,1
素質,弄湿难易,-1;不易湿
素質,污臭耐性,-1;污臭敏感
素質,倒错的,1
素質,Ｃ感度,-1;Ｃ钝感
素質,Ｖ感度,1;Ｖ敏感
素質,胸围,1;巨乳
;素質,母乳体质,2
素質,妖怪,1

能力,清扫技能,3
能力,话术技能,2
能力,战斗能力,2
能力,教养,2
能力,料理技能,3
能力,音乐技能,1
素質,采伐Lv,3
素質,钓鱼Lv,3
素質,采集Lv,3
素質,调合Lv,2

フラグ,基本服装SET,219;服装
フラグ,地位,300;地位
フラグ,初始位置,736
フラグ,来访时间,600;10时
フラグ,回家时间,1200;20时
フラグ,就寝时间,1320;22时
フラグ,起床时间,360;6时
フラグ,经常去的地方,7
フラグ,自宅位置,770;森林深处
フラグ,移动节制,1
フラグ,弹幕特能,24
フラグ,口吻,3
CSTR,10,～跨越浮世门关的山姥～　●种族：山姥　●能力：制作圣域程度的能力
