番号,125,
名前,依神 女苑
呼び名,女苑,
基礎,体力,1600
基礎,气力,2100
基礎,勃起,1500
基礎,精力,10000
基礎,法力,1000
基礎,情绪,1500
基礎,理性,1000
基礎,愤怒,1000
基礎,工作量,0
基礎,深度,2000
基礎,酒气,1700
素質,处女,1
素質,性别,1
素質,回应,1;傲慢
素質,开朗／阴郁,1;开朗
素質,喜欢引人注目,1
素質,自己爱,1;解放
素質,羞耻心,-1;不知羞耻
素質,痛觉,1;怕痛
素質,小恶魔,1
素質,魅惑,1
素質,胸围,-1;贫乳
素質,鼓舞,1
素質,傲娇,1
素質,神灵,1
能力,欲望,2

能力,清扫技能,1
能力,话术技能,1
能力,战斗能力,3
能力,教养,2
能力,料理技能,0
能力,音乐技能,0
素質,采伐Lv,0
素質,钓鱼Lv,0
素質,采集Lv,0
素質,调合Lv,0

フラグ,基本服装SET,225;服装
フラグ,地位,500;地位
フラグ,初始位置,109;开始位置
フラグ,来访时间,720;12时
フラグ,回家时间,1260;21时
フラグ,就寝时间,120;2时
フラグ,起床时间,600;10时
フラグ,经常去的地方,2
フラグ,自宅位置,140
;フラグ,移动率补正,
フラグ,移动节制,-1
フラグ,弹幕特能,132
フラグ,口吻,0
フラグ,别颜有,1
フラグ,别立ち有,1
相性,55,120;白莲
相性,126,200;紫苑
CSTR,10,～最凶恶的双子妹妹～　●种族：疫病神　●能力：能耗尽财产的能力
