番号,47,;9-1
名前,里香,
呼び名,里香,
基礎,体力,1600
基礎,气力,1400
基礎,勃起,1500
基礎,法力,3100
基礎,情绪,1500
基礎,理性,1000
基礎,愤怒,1000
基礎,工作量,0
基礎,深度,2000
基礎,酒气,1400
素質,处女,1
素質,性别,1
素質,态度,1;叛逆
素質,回应,1;傲慢
素質,自尊心,1;自尊心高
素質,喜欢引人注目,1
素質,抵抗,1
素質,羞耻心,-1;不知羞耻
素質,痛觉,1;怕痛
素質,习得速度,1;学习快
素質,污臭耐性,1;污臭钝感
素質,体型,-1;矮小体型
素質,恢复速度,1;恢复快
素質,人类,1
能力,欲望,1
能力,技巧,2

能力,清扫技能,0
能力,话术技能,1
能力,战斗能力,1
能力,教养,3
能力,料理技能,0
能力,音乐技能,0
素質,采伐Lv,0
素質,钓鱼Lv,0
素質,采集Lv,0
素質,调合Lv,4

経験,自慰经验,5
フラグ,基本服装SET,147;服装
フラグ,地位,200;地位
フラグ,初始位置,99;开始位置;EX
フラグ,来访时间,1080;18时
フラグ,回家时间,120;2时
フラグ,就寝时间,180;3时
フラグ,起床时间,600;10时
フラグ,经常去的地方,-1
;フラグ,自宅位置,
フラグ,弹幕特能,8
フラグ,口吻,1
相性,1,150;灵梦
CSTR,10,　　　　●种族：人类