番号,96,
名前,堀川 雷鼓,
呼び名,雷鼓,
基礎,体力,2100
基礎,气力,1500
基礎,勃起,1500
基礎,情绪,1500
基礎,理性,1000
基礎,愤怒,1000
基礎,深度,3000
基礎,酒气,2000
素質,性别,1;女
素質,胆量,1;坚强
素質,性的兴趣,1;好奇心
素質,开朗／阴郁,1;开朗
素質,喜欢引人注目,1
素質,贞操,-1;不在乎贞操
素質,自己爱,1;解放
素質,魅力,1
素質,胸围,1;巨乳
素質,恢复速度,1;恢复快
素質,鼓舞,1
素質,音乐知识,1;乐器知识
素質,音感,2;绝对音感
素質,付丧神,1
能力,受虐属性,1
能力,腰,1
能力,膣,1

能力,清扫技能,1
能力,话术技能,1
能力,战斗能力,4
能力,教养,2
能力,料理技能,0
能力,音乐技能,4
素質,采伐Lv,0
素質,钓鱼Lv,0
素質,采集Lv,0
素質,调合Lv,0

経験,Ｖ经验,50
経験,绝顶经验,15
経験,精液经验,15
経験,Ｖ性交经验,50
経験,自慰经验,25
経験,异常经验,1
経験,演奏经验,30
経験,歌唱经验,30
フラグ,基本服装SET,196;服装
フラグ,地位,600;地位
フラグ,初始位置,208;开始位置
フラグ,来访时间,900;15时
フラグ,回家时间,1380;23时
フラグ,就寝时间,180;3时
フラグ,起床时间,720;12时
フラグ,经常去的地方,2
フラグ,自宅位置,270;长屋街
フラグ,弹幕特能,140
フラグ,口吻,3
フラグ,别颜有,1
相性,69,120;猯藏
相性,94,120;弁弁
相性,95,120;八桥
CSTR,工作情报,会话＆音乐会　火曜＆每月第一日曜日　20时～21时＆15时～21时
CSTR,职场,天界＆里之广场
CSTR,10,～梦幻的打击乐手～　●种族：付丧神　●能力：什么都能配合上节奏程度的能力
フラグ,产假TYPE,1；40日目から休む