番号,43,;8-1
名前,茨木 华扇,
呼び名,华扇,
基礎,体力,2300
基礎,气力,1300
基礎,勃起,1500
基礎,法力,3100
基礎,情绪,1500
基礎,理性,1000
基礎,愤怒,1000
基礎,工作量,0
基礎,深度,2000
基礎,酒气,2500
素質,处女,1
素質,性别,1
素質,胆量,1;坚强
素質,自尊心,1;自尊心高
素質,自制心,1
素質,性的兴趣,-1;保守的
素質,难以越过的底线,1
素質,贞操,1;贞操重视
素質,羞耻心,1;害羞
素質,禁断的知识,1
素質,污臭耐性,-1;污臭敏感
素質,献身的,1
素質,快感应答,-1;否定快感
素質,施虐狂,1
素質,Ｂ感度,1;Ｂ敏感
素質,胸围,1;巨乳
素質,酒耐性,2;酒豪
素質,妖怪,2;鬼
素質,大胃王,1
素質,扫除系,1
能力,技巧,1
能力,侍奉精神,1

能力,清扫技能,3
能力,话术技能,3
能力,战斗能力,3
能力,教养,4
能力,料理技能,2
能力,音乐技能,0
素質,采伐Lv,5
素質,钓鱼Lv,2
素質,采集Lv,3
素質,调合Lv,2

経験,绝顶经验,10
経験,自慰经验,10
経験,异常经验,2
フラグ,基本服装SET,143;服装
フラグ,地位,700;地位
フラグ,初始位置,727;开始位置;EX
フラグ,422,1;人里来访率补正
フラグ,420,1;神社来访率补正
フラグ,来访时间,660;11时
フラグ,回家时间,1320;22时
フラグ,就寝时间,60;1时
フラグ,起床时间,420;7时
フラグ,经常去的地方,0
フラグ,自宅位置,750;仙人的宅邸
フラグ,房东候补,728
フラグ,居住必要信赖度,200
フラグ,移动节制,1
フラグ,弹幕特能,49
フラグ,口吻,1
フラグ,别颜有,1
相性,1,150;灵梦
相性,11,120;魔理沙
相性,31,120;早苗
相性,69,120;猯藏
相性,76,80;小町
相性,106,120;菫子
相性,124,110;隐岐奈

CSTR,工作情报,寻访美食　土曜日　11时～16时
CSTR,职场,里之广场
CSTR,9,仙人的宅邸・空的房间
CSTR,10,～独臂有角的仙人～　●种族：仙人？　●能力：
フラグ,产假TYPE,2；60日目から休む