番号,121,
名前,矢田寺 成美
呼び名,成美,
基礎,体力,2000
基礎,气力,1600
基礎,勃起,1500
基礎,精力,10000
基礎,法力,1000
基礎,情绪,1500
基礎,理性,1000
基礎,愤怒,1000
基礎,工作量,0
基礎,深度,2000
基礎,酒气,1300
素質,处女,1
素質,性别,1
素質,态度,-1;坦率
素質,回应,-1;老实
素質,性的兴趣,1;好奇心
素質,痛觉,-1;不怕痛
素質,弄湿难易,1;容易湿
素質,快感应答,1;接受快感
;素質,Ｃ感度,1;Ｃ敏感
;素質,Ｖ感度,1;Ｖ敏感
;素質,Ａ感度,1;Ａ敏感
素質,Ｂ感度,1;Ｂ敏感
素質,胸围,-1;贫乳
素質,人形,3;魔像
素質,追加种族,2;魔法使
能力,顺从,1
能力,侍奉精神,1

能力,清扫技能,0
能力,话术技能,1
能力,战斗能力,2
能力,教养,3
能力,料理技能,0
能力,音乐技能,0
素質,采伐Lv,0
素質,钓鱼Lv,0
素質,采集Lv,0
素質,调合Lv,2

フラグ,基本服装SET,221;服装
フラグ,地位,400;地位
フラグ,初始位置,544;开始位置
フラグ,来访时间,660;11时
フラグ,回家时间,1260;21时
フラグ,就寝时间,1440;24时
フラグ,起床时间,480;8时
フラグ,经常去的地方,5
フラグ,自宅位置,530;古木的大树
フラグ,移动率补正,-5
フラグ,移动节制,1
フラグ,弹幕特能,48
フラグ,口吻,0
相性,11,150;魔理沙
相性,29,80;文
相性,106,120;董子

CSTR,10,～垂迹于森林的魔法地藏～　●种族：魔法使（地藏）　●能力：使用魔法程度的能力（生命操作）
