番号,82,
名前,玛爱露贝莉・赫恩,
呼び名,梅莉,
基礎,体力,1400
基礎,气力,1700
基礎,勃起,1500
基礎,情绪,1500
基礎,理性,1000
基礎,愤怒,1000
基礎,深度,3000
基礎,酒气,1200
素質,性别,1;女
素質,性的兴趣,1;好奇心
素質,开朗／阴郁,1;开朗
素質,难以越过的底线,1
素質,贞操,1;贞操重视
素質,羞耻心,1;害羞
素質,痛觉,1;怕痛
素質,习得速度,1;学习快
素質,污臭耐性,-1;污臭敏感
素質,倒错的,1
素質,魅惑,1
素質,胸围,1;巨乳
素質,人类,6;外界人
能力,顺从,1
能力,百合属性,3

能力,清扫技能,2
能力,话术技能,2
能力,战斗能力,0
能力,教养,3
能力,料理技能,1
能力,音乐技能,2
素質,采伐Lv,0
素質,钓鱼Lv,0
素質,采集Lv,1
素質,调合Lv,1

経験,Ｖ经验,5
経験,绝顶经验,2
経験,百合经验,20
経験,异常经验,1
経験,会话经验,30
経験,学习经验,30
フラグ,基本服装SET,182;服装
フラグ,地位,100;地位
フラグ,初始位置,233;开始位置
フラグ,来访时间,600;10时
フラグ,回家时间,1200;20时
フラグ,就寝时间,1320;22时
フラグ,起床时间,480;8时
フラグ,经常去的地方,2
フラグ,自宅位置,270;长屋街
フラグ,口吻,0
相性,81,250;莲子
CSTR,工作情报,写报告　月末　19时～21时
CSTR,职场,长屋街
CSTR,10,　　　●种族：人类　●能力：能看见境界程度的能力