番号,124,
名前,摩多罗 隐岐奈
呼び名,隐岐奈,
基礎,体力,1700
基礎,气力,2000
基礎,勃起,1500
基礎,精力,10000
基礎,法力,1000
基礎,情绪,1500
基礎,理性,1000
基礎,愤怒,1000
基礎,工作量,0
基礎,深度,2000
基礎,酒气,2100
素質,处女,1
素質,性别,1
素質,胆量,1;坚强
素質,自尊心,1;自尊心高
素質,难以越过的底线,1
素質,贞操,1;贞操重视
素質,傲娇,1;傲娇
素質,喜欢引人注目,1
素質,弄湿难易,-1;不易湿
素質,小恶魔,1
素質,Ｖ感度,1;Ｖ敏感
素質,禁断的知识,1
素質,神灵,1
素質,音感,1;音感
能力,欲望,1
能力,技巧,2

能力,清扫技能,1
能力,话术技能,3
能力,战斗能力,5
能力,教养,4
能力,料理技能,1
能力,音乐技能,4
素質,采伐Lv,0
素質,钓鱼Lv,0
素質,采集Lv,2
素質,调合Lv,2

能力,施虐属性,2
経験,演奏经验,500
経験,歌唱经验,500
経験,舞蹈经验,500
経験,嗜虐快乐经验,20
フラグ,基本服装SET,224;服装
フラグ,地位,1000;地位
フラグ,初始位置,99;开始位置
フラグ,来访时间,660;11时
フラグ,回家时间,1320;22时
フラグ,就寝时间,120;2时
フラグ,起床时间,480;8时
フラグ,经常去的地方,-1
;フラグ,自宅位置,
;フラグ,移动率补正,
フラグ,移动节制,1
フラグ,弹幕特能,409
フラグ,别颜有,1
フラグ,口吻,3
相性,26,110;紫
相性,43,110;华扇
相性,57,120;心
相性,120,120;阿吽
相性,122,150;舞
相性,123,150;里乃


CSTR,工作情报,女子会　第2日曜　18～21时
CSTR,职场,人里居酒屋
CSTR,10,～究极的绝对秘神～　●种族：秘神　●能力：在任何事物的背上做出门扉程度的能力

フラグ,产假TYPE,2；60日目から休む