番号,73,
名前,赤 蛮奇,
呼び名,蛮奇,
基礎,体力,2000
基礎,气力,1200
基礎,勃起,1500
基礎,情绪,1500
基礎,理性,1000
基礎,愤怒,1000
基礎,深度,3000
基礎,酒气,1800
素質,处女,1;处女
素質,性别,1;女
素質,态度,1;叛逆
素質,自尊心,1;自尊心高
素質,自制心,1
素質,开朗／阴郁,-1;阴郁
素質,难以越过的底线,1
素質,贞操,1;贞操重视
素質,自己爱,-1;圧抑
素質,抵抗,1
素質,倒错的,1
素質,快感应答,1;接受快感
素質,Ｃ感度,1;Ｃ敏感
素質,Ａ感度,1;Ａ敏感
素質,妖怪,1
能力,欲望,2

能力,清扫技能,0
能力,话术技能,1
能力,战斗能力,1
能力,教养,1
能力,料理技能,0
能力,音乐技能,0
素質,采伐Lv,0
素質,钓鱼Lv,2
素質,采集Lv,1
素質,调合Lv,1

経験,自慰经验,30
フラグ,基本服装SET,173;服装
フラグ,地位,300;地位
フラグ,初始位置,231;开始位置
フラグ,来访时间,1020;17时
フラグ,回家时间,120;2时
フラグ,就寝时间,300;5时
フラグ,起床时间,720;12时
フラグ,经常去的地方,2
フラグ,自宅位置,270;长屋街
フラグ,弹幕特能,256
フラグ,口吻,3
フラグ,别颜有,1
CSTR,10,～轱辘首的怪奇～　●种族：轱辘首　●能力：让头飞出去程度的能力