番号,153,
名前,孙 美天
呼び名,美天,
基礎,体力,2100
基礎,气力,1600
基礎,勃起,1500
基礎,精力,10000
基礎,法力,1000
基礎,情绪,1500
基礎,理性,1000
基礎,愤怒,1000
基礎,工作量,0
基礎,深度,2000
基礎,酒气,2000
素質,处女,1
素質,性别,1

素質,态度,-1;坦率
素質,性的兴趣,1;好奇心
素質,开朗／阴郁,1;开朗
素質,喜欢引人注目,1
素質,贞操,-1;不在乎贞操
素質,羞耻心,-1;不知羞耻
素質,污臭耐性,1;污臭钝感

素質,Ｃ感度,1;敏感
素質,Ｖ感度,0;
素質,Ａ感度,0;
素質,Ｂ感度,0;
素質,Ｍ感度,0;
素質,胸围,1;巨乳
素質,酒耐性,1;很擅于喝酒
素質,妖怪,6;妖兽

能力,亲密,2
能力,顺从,1
能力,清扫技能,0
能力,话术技能,3
能力,战斗能力,3
能力,教养,1
能力,料理技能,0
能力,音乐技能,0
素質,采伐Lv,0
素質,钓鱼Lv,1
素質,采集Lv,3
素質,调合Lv,0

フラグ,基本服装SET,253;服装
フラグ,地位,400;地位
フラグ,初始位置,741;美天的栖息处
フラグ,来访时间,540;8时
フラグ,回家时间,1140;19时
フラグ,就寝时间,1320;22时
フラグ,起床时间,420;7时
フラグ,经常去的地方,7;妖怪の山（山麓）
フラグ,自宅位置,770;森林深处
;フラグ,移动率补正,
フラグ,移动节制,0
フラグ,口吻,2;～だよ系
相性,1,120;灵梦
相性,31,120;早苗
相性,120,120;あうん
相性,130,120;八千慧
相性,157,120;残无
;相性,119,120;阿吽,保留
相性,133,80;早鬼
相性,143,80;尤魔
相性,154,50;慧之子
相性,155,80;血枪

CSTR,工作情报,
CSTR,职场,

CSTR,10,～小圣地的大圣者 ～　●种族：猿神　●能力：能控制野生猴子的程度
