番号,100,
名前,铃仙二号,
呼び名,铃仙二号,
基礎,体力,2000
基礎,气力,1200
基礎,勃起,1500
基礎,情绪,1500
基礎,理性,1000
基礎,愤怒,1000
基礎,深度,3000
基礎,酒气,1400
素質,处女,1
素質,性别,1
素質,胆量,-1;胆怯
素質,态度,-1;坦率
素質,回应,-1;老实
素質,Ｖ感度,1;Ｖ敏感
素質,酒耐性,-1;不擅喝酒
素質,动物耳,2;兔耳
素質,妖怪,6;妖兽
能力,顺从,1
能力,百合属性,1

能力,清扫技能,1
能力,话术技能,1
能力,战斗能力,2
能力,教养,1
能力,料理技能,1
能力,音乐技能,0
素質,采伐Lv,0
素質,钓鱼Lv,0
素質,采集Lv,1
素質,调合Lv,0

経験,绝顶经验,1
経験,自慰经验,5
経験,百合经验,5
フラグ,基本服装SET,200;服装
フラグ,地位,300;地位
フラグ,初始位置,1032;铃仙二号私室
フラグ,来访时间,600:10时
フラグ,回家时间,1140:19时
フラグ,就寝时间,1440:24时
フラグ,起床时间,420:7时
フラグ,经常去的地方,10
フラグ,424,3;竹林来访率补正
フラグ,素材贩卖,14
フラグ,自宅位置,1060
フラグ,移动节制,1
フラグ,弹幕特能,4
フラグ,口吻,1
フラグ,别颜有,1
相性,52,110;铃仙
相性,72,120;永琳
相性,98,180;依姫
相性,99,180;丰姫
CSTR,10,   ●种族：月兔
