番号,97,
名前,鬼人 正邪,
呼び名,正邪,
基礎,体力,2000
基礎,气力,2500
基礎,勃起,1500
基礎,情绪,1500
基礎,理性,1000
基礎,愤怒,1000
基礎,深度,3000
基礎,酒气,1400
素質,性别,1;女
素質,态度,1;叛逆
素質,回应,1;傲慢
素質,自尊心,1;自尊心高
素質,傲娇,1;傲娇
素質,难以越过的底线,1
素質,喜欢引人注目,1
素質,贞操,-1;不在乎贞操
素質,抵抗,1
素質,快感应答,-1;否定快感
素質,容易中毒,1
素質,倒错的,1
素質,Ｖ感度,-1;Ｖ钝感
素質,Ａ感度,1;Ａ敏感
素質,胸围,-1;贫乳
素質,具现,1
素質,妖怪,1
能力,腰,1
能力,膣,1

能力,清扫技能,0
能力,话术技能,4
能力,战斗能力,3
能力,教养,3
能力,料理技能,1
能力,音乐技能,0
素質,采伐Lv,1
素質,钓鱼Lv,2
素質,采集Lv,2
素質,调合Lv,0

経験,Ｖ经验,30
経験,绝顶经验,1
経験,精液经验,20
経験,Ｖ性交经验,30
経験,异常经验,2
経験,战斗经验,30
フラグ,基本服装SET,197;服装
フラグ,地位,50;地位
フラグ,初始位置,733;开始位置
フラグ,来访时间,1260;21时
フラグ,回家时间,300;5时
フラグ,就寝时间,360;6时
フラグ,起床时间,1080;18时
フラグ,经常去的地方,-1
フラグ,自宅位置,740
フラグ,弹幕特能,320
フラグ,口吻,3
フラグ,别颜有,1
相性,71,130;针妙丸
CSTR,工作情报,劝诱活动　月・水　21时～24时
CSTR,职场,雾之湖・古木的大树
CSTR,10,～逆袭的天邪鬼～　●种族：天邪鬼　●能力：令任何事物翻转程度的能力
フラグ,产假TYPE,2；60日目から休む