番号,79,
名前,键山 雏,
呼び名,雏,
基礎,体力,1500
基礎,气力,1800
基礎,勃起,1500
基礎,情绪,1500
基礎,理性,1000
基礎,愤怒,1000
基礎,深度,3000
基礎,酒气,2000
素質,性别,1;女
素質,感情缺乏,1
素質,开朗／阴郁,-1;阴郁
素質,自己爱,-1;圧抑
素質,痛觉,1;怕痛
素質,擅长用针,1
素質,药毒耐性,1
素質,污臭耐性,2;污臭无视
素質,献身的,1
素質,Ｃ感度,1;Ｃ敏感
素質,Ａ感度,1;Ａ敏感
素質,鼓舞,1
素質,神灵,1
能力,技巧,1
能力,侍奉精神,3
能力,受虐属性,2

能力,清扫技能,4
能力,话术技能,1
能力,战斗能力,2
能力,教养,2
能力,料理技能,1
能力,音乐技能,1
素質,扫除系,1
素質,采伐Lv,0
素質,钓鱼Lv,0
素質,采集Lv,1
素質,调合Lv,0

経験,Ｖ经验,5
経験,精液经验,20
経験,侍奉快乐经验,10
経験,苦痛快乐经验,10
経験,紧缚经验,5
経験,异常经验,65535
フラグ,基本服装SET,179;服装
フラグ,地位,400;地位
フラグ,初始位置,706;开始位置
フラグ,来访时间,540;9时
フラグ,回家时间,1140;19时
フラグ,就寝时间,1260;21时
フラグ,起床时间,360;6时
フラグ,经常去的地方,7
フラグ,自宅位置,710;山麓树海
フラグ,弹幕特能,16
フラグ,口吻,0
CSTR,工作情报,收集厄运
CSTR,职场,山麓树海
CSTR,10,～秘神流雏～　●种族：厄运之神　●能力：储存厄运程度的能力
フラグ,产假TYPE,2；60日目から休む