番号,55,
名前,圣 白莲,
呼び名,白莲,
基礎,体力,2500
基礎,气力,2300
基礎,勃起,1500
基礎,情绪,1500
基礎,理性,1000
基礎,愤怒,1000
基礎,工作量,1000
基礎,深度,3000
基礎,酒气,1000
素質,处女,1
素質,性别,1
素質,性的兴趣,-1;保守的
素質,难以越过的底线,1
素質,贞操,1;贞操重视
素質,痛觉,-1;不怕痛
素質,弄湿难易,1;容易湿
素質,舌头灵活,1
素質,Ａ感度,1;Ａ敏感
素質,Ｂ感度,1;Ｂ敏感
素質,胸围,2;爆乳
素質,体型,1;长身
素質,酒耐性,-2;不会喝酒
素質,恢复速度,1;恢复快
素質,妖怪,1
素質,追加种族,2;魔法使
素質,扫除系,1
能力,Ｃ感觉,2
能力,亲密,1
能力,侍奉精神,3
能力,百合属性,3

能力,清扫技能,2
能力,话术技能,3
能力,战斗能力,4
能力,教养,4
能力,料理技能,1
能力,音乐技能,0
素質,采伐Lv,1
素質,钓鱼Lv,0
素質,采集Lv,2
素質,调合Lv,2

経験,Ａ经验,1
経験,绝顶经验,5
経験,百合经验,100
経験,异常经验,0
経験,战斗经验,40
フラグ,基本服装SET,155;服装
フラグ,地位,1000;地位
フラグ,初始位置,118;开始位置
フラグ,来访时间,660;11时
フラグ,回家时间,1260;21时
フラグ,就寝时间,1380;23时
フラグ,起床时间,420;7时
フラグ,经常去的地方,1
フラグ,自宅位置,140;命莲寺方丈
フラグ,移动节制,1
フラグ,弹幕特能,23
フラグ,房东候补,119
フラグ,居住必要信赖度,0
フラグ,口吻,1
フラグ,别颜有,1
フラグ,别立ち有,1
相性,30,50;映姫
相性,39,150;纳兹琳
相性,41,150;鵺
相性,56,50;神子
相性,76,50;小町
相性,85,150;一轮
;相性,150;云山
相性,86,150;村纱
相性,87,200;星ちゃん
相性,88,120;响子
相性,90,50;青娥
相性,91,50;屠自古
相性,92,50;布都
CSTR,工作情报,劝诱活动　月・木　12～16时　女子会　第2日曜
CSTR,职场,广场　人里居酒屋(18～21时)
CSTR,10,～被封印的大魔法使～　●种族：魔法使（原人类）　●能力：使用魔法程度的能力
フラグ,产假TYPE,2；60日目から休む