番号,135,
名前,豪德寺 三花,
呼び名,三花,
基礎,体力,2000
基礎,气力,1800
基礎,勃起,1500
基礎,精力,10000
基礎,法力,1000
基礎,情绪,1500
基礎,理性,1000
基礎,愤怒,1000
基礎,工作量,0
基礎,深度,2000
基礎,酒气,1500
素質,处女,1
素質,性别,1
素質,性的兴趣,1;好奇心
素質,开朗／阴郁,1;开朗
素質,贞操,-1;不在乎贞操
素質,羞耻心,-1;不知羞耻
素質,习得速度,-1;学习慢
素質,猫舌,1
素質,污臭耐性,1;污臭钝感
素質,谜之魅力,1
素質,Ｖ感度,1;Ｖ敏感
素質,胸围,-1;贫乳
素質,动物耳,4;猫耳
素質,妖怪,6;妖兽

能力,清扫技能,1
能力,话术技能,1
能力,战斗能力,1
能力,教养,1
能力,料理技能,0
能力,音乐技能,0
素質,采伐Lv,0
素質,钓鱼Lv,2
素質,采集Lv,3
素質,调合Lv,0

フラグ,基本服装SET,235;服装
フラグ,地位,200;地位
フラグ,初始位置,737
フラグ,起床时间,420;7时
フラグ,来访时间,540;9时
フラグ,回家时间,1080;18时
フラグ,就寝时间,1320;22时
フラグ,经常去的地方,7;山麓
フラグ,自宅位置,710;山麓树海
;フラグ,移动率补正,
フラグ,移动节制,0
フラグ,口吻,2
フラグ,别颜有,1
;相性,
;CSTR,工作情报,
;CSTR,职场,
CSTR,10,～生意兴隆的吉祥物～　●种族：招财猫　●能力：招财或者招客程度的能力

;フラグ,产假TYPE,