番号,143,
名前,饕餮 尤魔
呼び名,尤魔,
基礎,体力,2700
基礎,气力,1900
基礎,勃起,1500
基礎,精力,10000
基礎,法力,1000
基礎,情绪,1500
基礎,理性,1000
基礎,愤怒,1000
基礎,工作量,0
基礎,深度,2000
基礎,酒气,2000
;素質,处女,1
素質,性别,1

素質,胆量,1;坚强
素質,态度,1;叛逆
素質,自尊心,1;自尊心高
素質,贞操,-1;不在乎贞操
素質,羞耻心,-1;不知羞耻
素質,痛觉,-1;不怕痛
素質,习得速度,1;学习快
素質,污臭耐性,2;污臭无视
素質,倒错的,1
素質,性别嗜好,-1;两面通吃
素質,大胃王,1
素質,酒耐性,1;很擅于喝酒
素質,体型,-1;小柄
素質,胸围,-1;贫乳
素質,妖怪,6;妖兽
能力,欲望,5
能力,施虐属性,2

能力,清扫技能,0
能力,话术技能,1
能力,战斗能力,5
能力,教养,1
能力,料理技能,3
能力,音乐技能,0
素質,采伐Lv,1
素質,钓鱼Lv,1
素質,采集Lv,3
素質,调合Lv,0

フラグ,基本服装SET,243;服装
フラグ,地位,600;地位
フラグ,初始位置,654;尤魔宅的寝室
フラグ,来访时间,840;14时
フラグ,回家时间,120;2时
フラグ,就寝时间,240;4时
フラグ,起床时间,660;11时
フラグ,经常去的地方,6
フラグ,自宅位置,680;畜生界
;フラグ,移动率补正,
フラグ,移动节制,-1
フラグ,口吻,3
相性,37,150;阿空
相性,50,50;フランドール
相性,124,110;隐岐奈
相性,125,70;女苑
相性,126,70;紫苑
相性,130,80;八千慧
相性,131,50;磨弓
相性,132,50;袿姫
相性,133,80;早鬼
相性,153,80;美天
相性,154,80;慧之子
相性,155,120;血枪
相性,25,110;蓝
相性,157,80;残无
CSTR,工作情报,旧血池地狱管理　月・水・金　11时～18时
CSTR,职场,旧血池地狱
CSTR,10,～战无不胜的刚欲同盟盟主～　●种族：饕餮　●能力：什么都能吸收程度的能力
