番号,84,
名前,黑谷 山女,
呼び名,山女,
基礎,体力,2000
基礎,气力,1400
基礎,勃起,1500
基礎,情绪,1500
基礎,理性,1000
基礎,愤怒,1000
基礎,深度,3000
基礎,酒气,1800
素質,性别,1;女
素質,态度,-1;坦率
素質,性的兴趣,1;好奇心
素質,开朗／阴郁,1;开朗
素質,弄湿难易,1;容易湿
素質,习得速度,1;学习快
素質,药毒耐性,1
素質,人气,1
素質,Ｃ感度,1;Ｃ敏感
素質,Ａ感度,-1;Ａ钝感
素質,胸围,1;巨乳
素質,禁断的知识,1
素質,妖怪,8;妖虫
能力,Ｃ感觉,1
能力,顺从,1
能力,欲望,2

能力,清扫技能,0
能力,话术技能,1
能力,战斗能力,3
能力,教养,1
能力,料理技能,3
能力,音乐技能,0
素質,采伐Lv,3
素質,钓鱼Lv,5
素質,采集Lv,3
素質,调合Lv,0

経験,Ｖ经验,10
経験,绝顶经验,5
経験,自慰经验,5
経験,料理经验,10
フラグ,基本服装SET,184;服装
フラグ,地位,300;地位
フラグ,初始位置,941;开始位置
フラグ,素材贩卖,66
フラグ,来访时间,1200;20时
フラグ,回家时间,300;5时
フラグ,就寝时间,360;6时
フラグ,起床时间,840;14时
フラグ,经常去的地方,9
フラグ,自宅位置,910;幻想风穴
フラグ,弹幕特能,136
フラグ,口吻,2
相性,51,80;荷取
相性,60,120;帕露西
相性,64,150;勇仪
相性,83,120;琪斯美
CSTR,10,～昏暗洞窟中明亮的网～　●种族：土蜘蛛　●能力：操纵疾病（主要是传染病）程度的能力
