番号,101,
名前,朱鹭子,
呼び名,朱鹭子,
基礎,体力,2000
基礎,气力,1200
基礎,勃起,1500
基礎,情绪,1500
基礎,理性,1000
基礎,愤怒,1000
基礎,深度,3000
基礎,酒气,1300
素質,处女,1
素質,性别,1
素質,胆量,1;坚强
素質,回应,1;傲慢
素質,性的兴趣,1;好奇心
素質,痛觉,-1;不怕痛
素質,快感应答,1;接受快感
素質,Ｂ感度,1;Ｂ敏感
素質,胸围,-1;贫乳
素質,动物耳,1
素質,妖怪,7;妖鸟
能力,欲望,1

能力,清扫技能,2
能力,话术技能,1
能力,战斗能力,2
能力,教养,2
能力,料理技能,1
能力,音乐技能,1
素質,采伐Lv,0
素質,钓鱼Lv,1
素質,采集Lv,2
素質,调合Lv,1

経験,自慰经验,5
フラグ,基本服装SET,201;服装
フラグ,地位,200;地位
フラグ,初始位置,541;开始位置

フラグ,来访时间,600:10时
フラグ,回家时间,1080:18时
フラグ,就寝时间,1320:22时
フラグ,起床时间,420:7时
フラグ,经常去的地方,5
フラグ,自宅位置,530;古木的大树
フラグ,弹幕特能,32
フラグ,口吻,0
相性,1,80;灵梦
相性,11,80;魔理沙
CSTR,10,       ●种族：妖怪　
