番号,144
名前,茨木童子之腕,
呼び名,影华扇,
基礎,体力,2300
基礎,气力,1300
基礎,勃起,1500
基礎,法力,3100
基礎,情绪,1500
基礎,理性,1000
基礎,愤怒,1000
基礎,工作量,0
基礎,深度,2000
基礎,酒气,2500
素質,处女,1
素質,性别,1
素質,胆量,1;坚强
素質,自尊心,1;自尊心高
素質,自制心,1
素質,无接吻经验,1
素質,态度,1;反抗的
素質,回应,1;生意气
素質,性的兴趣,1;好奇心
素質,贞操,-1;贞操无顿着
素質,羞耻心,-1;耻薄い
素質,污臭耐性,1;污臭钝感
素質,快感应答,1;快感に素直
素質,弄湿难易,-1
素質,施虐狂,1
素質,Ｂ感度,1;Ｂ敏感
素質,胸围,1;巨乳
素質,酒耐性,2;酒豪
素質,妖怪,2;鬼
素質,大胃王,1

能力,话术技能,1
能力,战斗能力,5
能力,教养,2
能力,欲望,2
素質,采伐Lv,5
素質,采集Lv,1
素質,调合Lv,1

経験,绝顶经验,50
経験,自慰经验,50
経験,异常经验,1
フラグ,基本服装SET,244;服装
フラグ,地位,700;地位
フラグ,初始位置,99;开始位置;EX

フラグ,来访时间,1200;20时
フラグ,回家时间,360;6时
フラグ,就寝时间,480;8时
フラグ,起床时间,1080;18时
フラグ,经常去的地方,6
フラグ,移动节制,-1
フラグ,弹幕特能,49
フラグ,别颜有,1
相性,43,200;华扇

CSTR,10,～断善修恶之怪腕～　●种族：鬼　●能力：
フラグ,产假TYPE,2；60日目から休む