番号,159,
名前,博丽 先代,
呼び名,先代,
基礎,体力,3500
基礎,气力,3000
基礎,勃起,1500
基礎,精力,10000
基礎,法力,3000
基礎,情绪,1500
基礎,理性,1000
基礎,愤怒,1000
基礎,工作量,0
基礎,深度,1000
基礎,酒气,2400
素質,处女,1
素質,性别,1
素質,开朗／阴郁,1;开朗
素質,难以越过的底线,1
素質,快感应答,1;接受快感
素質,贞操,-1;不在乎贞操
素質,痛觉,-1;不怕痛
素質,体型,1;长身
素質,谜之魅力,1
素質,禁断的知识,1
素質,施虐狂,1
素質,Ｍ感度,-1;Ｍ钝感
素質,Ｖ感度,-1;Ｖ钝感
素質,酒耐性,1;擅于喝酒
素質,人类,1
素質,性别嗜好,-1;两面通吃
素質,追加种族,1;巫女

能力,百合属性,3
能力,清扫技能,2
能力,话术技能,1
能力,战斗能力,6
能力,教养,3
能力,料理技能,3
能力,音乐技能,0
素質,采伐Lv,0
素質,钓鱼Lv,0
素質,采集Lv,2
素質,调合Lv,0

経験,Ｖ经验,50
経験,自慰经验,50
経験,百合经验,100
フラグ,基本服装SET,259;服装
フラグ,地位,5000;地位
;信仰对象だし别に地位无駄に高くてもいいよね
フラグ,初始位置,69;开始位置
フラグ,神社在住,69
フラグ,来访时间,540;9时
フラグ,回家时间,1140;19时
フラグ,就寝时间,1380;22时
フラグ,起床时间,360;5时
フラグ,自宅位置,40
フラグ,固有指令,1
;フラグ,房东候补,9
フラグ,经常去的地方,0
フラグ,弹幕特能,387
フラグ,产假TYPE,2；60日目から休む
相性,1,200;灵梦
相性,11,120;魔理沙
相性,26,180;紫
相性,43,80;华扇
相性,64,80;勇仪
相性,12,200;露米娅
CSTR,工作情报,清扫神社　每天早上　6时～8时
CSTR,职场,境内周边
CSTR,9,神社的起居室
CSTR,10,～先代的巫女～　●种族：人类　●能力：主要是用拳头将妖怪轰杀的程度的能力
