番号,69,
名前,二岩 猯藏,
呼び名,猯藏,
基礎,体力,1900
基礎,气力,2100
基礎,勃起,1500
基礎,情绪,1500
基礎,理性,1000
基礎,愤怒,1000
基礎,深度,3000
基礎,酒气,2100
素質,性别,1;女
;素質,处女,1;处女
素質,自尊心,1;自尊心高
素質,性的兴趣,-1;保守的
素質,开朗／阴郁,1;开朗
素質,性别嗜好,-1;两面通吃
素質,谜之魅力,1
素質,月光浴,1
素質,动物耳,1;动物耳
素質,具现,1
素質,妖怪,6;妖兽
素質,人妻,2;未亡人
能力,Ｖ感觉,1
能力,Ｂ感觉,1
能力,技巧,2
能力,施虐属性,2

能力,清扫技能,0
能力,话术技能,3
能力,战斗能力,4
能力,教养,3
能力,料理技能,1
能力,音乐技能,1
素質,采伐Lv,1
素質,钓鱼Lv,3
素質,采集Lv,3
素質,调合Lv,2

経験,Ｖ经验,20;Ｖ经验
経験,Ｂ经验,20;Ｂ经验
経験,绝顶经验,10;绝顶经验
経験,精液经验,20;精液经验
経験,Ｖ性交经验,5;Ｖ性交经验
経験,会话经验,255;会话经验
経験,战斗经验,10;战斗经验
経験,学习经验,30;学习经验
経験,分娩经验,1;分娩经验
フラグ,基本服装SET,169;服装
フラグ,地位,600;地位
フラグ,初始位置,137;猯藏的小屋
フラグ,来访时间,900;15时
フラグ,回家时间,60;1时
フラグ,就寝时间,300;5时
フラグ,起床时间,720;12时
フラグ,经常去的地方,2
フラグ,自宅位置,130
フラグ,422,2;人里来访率补正
フラグ,弹幕特能,56
フラグ,口吻,4
相性,11,80;魔理沙
相性,25,50;蓝
相性,40,120;小伞
相性,41,150;鵺
相性,43,120;华扇
相性,55,150;白莲
相性,70,150;小铃
相性,87,150;星ちゃん
相性,94,120;弁弁
相性,95,120;八桥
相性,96,120;雷鼓
相性,138,80;典

CSTR,10,～妖怪狸　十变化～　●种族：妖怪狸　●能力：变幻自如程度的能力
CSTR,11, 
CSTR,12,有着正统妖怪血统的狸猫。
CSTR,13,住在幻想乡外的罕见妖怪。
CSTR,14,为了救助老朋友陷入困境,特意赶来幻想乡。
CSTR,15,
CSTR,16,但是老朋友的困境是误会,正式来到这里就无法返回了。
CSTR,17,和外界相比这里生活更惬意,所以展现人类形态在这里生活。
CSTR,18,似乎在外界有遗腹子存在。

