番号,36,;6-2
名前,火焔猫 燐,
呼び名,阿燐,
基礎,体力,2000
基礎,气力,1400
基礎,勃起,1500
基礎,精力,10000
基礎,法力,2000
基礎,情绪,1500
基礎,理性,1000
基礎,愤怒,1000
基礎,工作量,0
基礎,深度,1000
基礎,酒气,1500
素質,性别,1
素質,开朗／阴郁,1;开朗
素質,喜欢引人注目,1
素質,自己爱,1;解放
素質,猫舌,1
素質,污臭耐性,1;污臭钝感
素質,性别嗜好,-1;两面通吃
素質,动物耳,4;猫耳
素質,妖怪,6;妖兽
能力,亲密,2
能力,欲望,1
能力,侍奉精神,1
能力,百合属性,2

能力,清扫技能,1
能力,话术技能,1
能力,战斗能力,3
能力,教养,1
能力,料理技能,0
能力,音乐技能,0
素質,采伐Lv,0
素質,钓鱼Lv,1
素質,采集Lv,3
素質,调合Lv,0

経験,Ｖ经验,10
経験,绝顶经验,20
経験,精液经验,5
経験,自慰经验,60
経験,苦痛快乐经验,1
経験,百合经验,30
経験,清扫经验,50,;死体处理は技术がいるにゃん
フラグ,基本服装SET,136;服装
フラグ,地位,400;地位
フラグ,初始位置,912;开始位置
フラグ,421,1;寺来访率补正
フラグ,来访时间,420;7时
フラグ,回家时间,1080;18时
フラグ,就寝时间,1320;22时
フラグ,起床时间,360;6时
フラグ,经常去的地方,9
フラグ,自宅位置,960;地灵殿
フラグ,移动率补正,5
フラグ,弹幕特能,68
フラグ,口吻,2
相性,24,150;橙
相性,37,150;阿空
相性,38,120;恋
相性,39,120;ナズーリン
相性,49,200;觉
相性,76,50;小町
相性,155,120;血枪
CSTR,工作情报,怨灵的管理　平日　7时～12时
CSTR,职场,灼热地狱遗迹
CSTR,10,～地狱的车祸～　●种族：火车　●能力：带走尸体程度的能力