;快感经验
0,Ｃ经验
1,Ｖ经验
2,Ａ经验
3,Ｂ经验
4,Ｍ经验

5,Ｃ绝顶经验
6,Ｖ绝顶经验
7,Ａ绝顶经验
8,Ｂ绝顶经验
9,Ｍ绝顶经验
;绝顶经验
10,绝顶经验
11,射精经验
12,喷乳经验
13,放尿经验
14,精液经验
15,精饮经验
16,膣射经验
17,肛射经验
18,被榨经验

;行动经验
20,Ｖ性交经验
21,Ａ性交经验
22,自慰经验
23,调教自慰经验
24,手淫经验
25,口淫经验
26,乳交经验
27,接吻经验
28,道具使用经验
29,插入经验

;精神经验
40,侍奉快乐经验
41,爱情经验
42,苦痛快乐经验
43,嗜虐快乐经验
44,露出快乐经验
45,放尿快乐经验

;调教经验
50,调教经验
51,百合经验
52,断袖经验
53,异常经验
54,Ｖ扩张经验
55,Ａ扩张经验
56,紧缚经验
57,子宫口开发经验
58,时奸经验
59,睡眠奸经验

;60番台は无自觉系
60,无自觉Ｃ经验
61,无自觉Ｖ经验
62,无自觉Ａ经验
63,无自觉Ｂ经验
64,无自觉Ｍ经验
65,无自觉绝顶经验

;其他
70,清扫经验
71,会话经验
72,摄影经验
73,被拍照经验
74,战斗经验
75,学习经验
76,料理经验
77,约会经验
78,异常清扫经验
79,演奏经验
80,歌唱经验
81,分娩经验
82,钓鱼经验
83,舞蹈经验
84,采集经验
85,调合经验
86,采伐经验
87,使受孕经验

101,正常位Ｖ绝顶经验
102,后背位Ｖ绝顶经验
103,骑乘位Ｖ绝顶经验
104,对面座位Ｖ绝顶经验
105,背面座位Ｖ绝顶经验
106,正常位Ａ绝顶经验
107,后背位Ａ绝顶经验
108,骑乘位Ａ绝顶经验
109,对面座位Ａ绝顶经验
110,背面座位Ａ绝顶经验