0,休憩FLAG
1,SYS_EVENT启动FLAG
2,长筒袜着用
3,宴会的有无
4,难易度
5,游戏模式
6,情景文本设定
7,口上文本设定
;文本を表示しない设定时		FLAG:6=0 FLAG:7=-1
;情景文本のみ设定时		FLAG:6=1 FLAG:7=-1
;口上文本+情景文本设定时	FLAG:6=1 FLAG:7= 2
9,每日变更事件
10,陷落人数
11,周回数
12,本日の累计好感度上升量


15,住宿人物
;神社の住宿事件でやってきた角色の登录番号を记录
;对象角色はCFLAG:神社在住がたつ、初始位置は16の破旧小屋

;16,空的房间角色,住宿人物と统合,もし住宿人物の２つ目を使用ことになったらこれを使って下さい
17,偷情人数
;现状ではFLAG:17は@EVENTTURNENDでリセットされるので使用したい场合は修正して下さい
18,警告牌使用
19,享用处女
20,料理
;21,料理选项
;(bit=0:メニュー手动决定,1:异物混入不可,2:药物混入不可,10:自动味付け_普通,11:自动味付け_浓い,12:自动味付け_薄い)

28,好感度上升率
29,信赖度上升率

;宴会关系---------
30,宴会举办FLAG,;(0=宴会无 1=灵梦一时兴起的酒宴)
31,宴会规模,;(工作量として设定される)
32,宴会会场
33,开始时间
34,开始日
35,参加人数
36,恶劣天气中止FLAG;(0=无 1=中止あり)
37,宴会礼品
;-----------------

41,委托接口１
42,委托接口２
43,委托接口３
44,委托接口４
45,委托接口５

50,追加恋人栏

;FLAG:50～59 各访问者の访问フラグ　だったけどCFLAG:据点来访に移行するよ
;FLAG:50:bit表记:0魔理沙,1るみゃ,2大ちゃん,3⑨,4咲夜,5蕾米莉亚,6爱丽丝,7白百合,8黑百合、9-10-11普利兹姆利巴ズ,12妖梦,13-14-15八云家,16莉格露,17みすちー,18あやや,19映姫様,20-21-22山の神明たち,23天子,24衣玖さん,25-26-27地灵组,28ナズー,29たったらーん,30鵺,31果ん,32华扇,33艾伦,34理香子,35明罗,
;FLAG:50:bit表记:36里香,37露易兹,38觉様,39芙兰ちゃん,40荷取ん,41铃仙,42帝,43パチェ,44ひじりん,45神子様,(46心,意味无),47めーりん,48こぁ,49帕露西,50もこたん,51姫様,52影狼,53勇仪,54椛,55ゆゆ様,56けーね,57ゆうかりん,58猯藏,59小铃,(60针妙丸・意味无),61永琳,62赤蛮奇,63蕾蒂
;FLAG:51:bit表记:0メディ,1小町,2静叶,3穣子,4雏,5阿求,6莲子,7梅莉,8琪斯美,9山女,10一轮,11村纱,12星,13响子,14芳香,15にゃんにゃん,16トジ,17フト,18わかさぎ,19弁弁,20八桥,21雷鼓,22正邪,23依姫,24丰姫,25铃仙二号,26朱鹭子,27神绮,28梦子,29雪,30​舞​,31菫子,32清兰,33铃瑚,34哆来咪,35探女,
;FLAG:51:bit表记:36克劳恩皮丝,37纯狐,38ヘカ,39先代,40,41,42,43,44,45,46,47,48,49,50,51,52,53,54,55,56,57,58,59,60,61,62,63

69,寻找委托
70,时间停止
71,禁自慰
72,抱负
73,约会的对象
74,道具购入完毕
75,新闻订阅
76,神签契约
77,路人受孕数
78,笃信
80,气温
81,最高气温
82,最低气温
83,降水几率
84,旱田扩张
85,浇水代行
86,收藏隙间
87,C隙间自动配置
88,自动结缘
89,异常气象
90,加护
91,野菜娘デイリー
92,守矢10连扭蛋
93,可疑商品品质
94,可疑商品购入日
95,可疑商品效果
96,伞耐久度
97,ミラダ支给
98,路人子管理
99,潜伏
;0 = 潜伏, 1 = 探索, 2 = 会话
100,走光CT
101,特殊训练,;先代口上用 原100

200,气绝中断
;300～499は使用せぬこと（UP约会でリセットがかかります）
;550～559,各角色の祈愿による来访フラグ
560,祈愿内容
561,精力强化回数
562,大扫除
563,重婚可能人数
564,恋慕特典
565,恋慕特典2
566,恋人特典
567,恋人特典2

580,生子祈愿
581,守矢约会权
582,一时滞在
590,天滴坤神
591,教程文累计
592,教程BOUNS进行
593,教程文速度
594,教程ログ

;601～690,各访问者のばったりフラグ

700,获得胖次种数
701,实绩解除システム
702,实绩解除システム２
703,好感度BOUNS取得状况
704,认识BOUNS取得状况
705,胖次BOUNS取得状况
706,陷落BOUNS取得状况
707,使受孕BOUNS取得状况
708,技能BOUNS取得状况
709,弹幕胜负BOUNS取得状况

800,旱田１的作物
801,旱田１的种植天数
802,旱田１的生长度
803,旱田１还没浇水
804,旱田２的作物
805,旱田２的种植天数
806,旱田２的生长度
807,旱田２还没浇水

;小作人你用
820,地主
821,田地工作的成果
822,年贡
823,农民难易度
824,地主贷付金
825,年始贷付金
826,还款延迟回数
827,收获纳入回数
828,累积收获评价
829,前回收获评价

;红魔赌场关联フラグ830-839
;カモられ指数はVIPルーム向けに作ったが仕様固まりきらなくて保留中
830,カモられ指数

831,筹码流通
832,筹码人气
833,筹码变动状况
834,筹码变动累积
835,会员ランク
836,￥流通
837,￥人气
838,￥变动状况
839,￥变动累积
840,前回筹码设定月
841,红魔CASINO访问日
842,赌场访问日

850,扫除中毒
851,原本体格
852,开运大纹购入回数
853,胖次输送
860,酒虫
861,最后一次访问酒屋日期
862,酒屋里的累积购入额
863,酒屋的累积转卖利益
864,酒屋的卖出率FLAG
865,酒屋收购强化
866,原木种类
867,最后一次访问木材商日期
868,最后一次访问制材所日期
869,最后一次访问家具屋日期
870,作成中家具
871,家具作成残り
872,土特产店特价销售
873,潜伏场所
874,市场の神

880,ファッション

;900-910 路人好感度

998,守矢神签约会的对象
;约会的对象の角色番号格纳
999,神签と守矢神签关系
;bit表记 0:神签选择完毕, 1:神签今日引いたか, 2:守矢神签选择完毕, 3:守矢神签入れ替え可能
1000,版本升级处理
;1001～1999,オプション及びバリアント初期设定
1001,消耗品自动购入
1002,垃圾显示OFF
1003,能力表示一览
1004,能力表示详细
1005,随时都能睡觉
1006,避孕
1007,生理周期可视化
1008,状态表示用
1009,テストプレイ用自慰暴露强制发生
1010,配药经验
1011,借书
1012,借书返还期限
1013,快速过滤;（bit,0=onoff,1=V,2=A,3=爱抚,4=道具,5=侍奉,6=SM 7=性骚扰）
1014,停下脚步
1015,推倒
1016,瞬间移动
1017,住宿事件

;1018,AA表示 废止して

1019,显示移动目的地
;1020,改筑
1021,房间上锁
1022,泳池
;(bit,0=自走 1=温水 2=淋浴 3=不思议な泡)
1023,出禁人数
1024,交流来访模式
1025,妊娠开关
1026,USERCOM开关
;（bit,0=污渍显示 1=相手を变える 2=能力表示 3=能力表示（マ斯塔）4=Ｖ过滤器 5=Ａ过滤器 6=爱抚过滤器 7=道具过滤器 8=侍奉过滤器 9=？ 10=性骚扰过滤器 11=指令过滤器 12=履历表示 13=自动时止め移动）
1027,脱衣选择,;(1=全裸 2=半脱)
1028,察觉模式
1029,胖次泥棒,;(1=每回くすねる 2=每回脱がすだけ)
1030,扮演
1031,口上色
1032,Look表示用乳房
1033,Look表示用乳头
1034,能力表记
1035,Counter地文控制
1036,性感胖次追加
1037,スキップムーブ
1038,居家工作
1039,ABLUP省略
1040,甲斐性无
1041,画像表示设定,;ON/OFF
1042,画像表示,;ON/OFF 兼表示人数
1043,画像表示位置,;PRINT_TARGET_IMAGEの描画align值 0=center 1=left
1044,アニメーション,;画像アニメーション设定 兼繰り返し回数 0～5
1045,画像框表示,;画像に框をつけるか ON/OFF
1046,射精画像种类,;0～2　0.断面+效果音　1.断面のみ　2.效果音のみ
1047,立绘种类,;0で立绘 1で颜绘
1048,插绘表示,;插绘のみ(正常位アニメ)の表示设定　AAの替え(受精のほう)には效かないやつ
1049,插入アニメ过滤器,;插入アニメを表示不会うにする(bit 0=插入中 1=绝顶 2=射精)
1050,胖次收集状况TYPEB
1051,ＦＫ判定,;bit 1=自觉无しでも记录 2=阴茎でも记录
1055,家事过滤器
1056,妊娠日程倍率

1060,陷落路线变化
1061,告白禁止
1062,无知自动丧失禁止
1063,儿童描写
1064,好意理性短缩
1065,儿童の性别
;1066,自动喘息
1067,委托无视
;1068,已保存继承设置
1069,巨乳差分表示
1070,追加EFFECT
1071,自慰画像非表示
1072,多尺寸
1073,自动扫除
1074,排序
1075,癖好有效
1076,采集再抽选
1077,背景色推移
1078,Counter制裁,;反制裁
1079,肛门开发无效,;肛门开发无效
1080,走光发生,;发生风寒
1081,误爆无效
;五重绝顶魔法
1098,魔法强度
1099,魔法印记开关

;1100～1299,各房间の人数

;1500～1599は乐谱所持用

6400,虫の采集サービス,;虫采集服务
2021,XRay_show
6666,催眠强度
219,睡四小时
236,不会生气

;此处用于修复一切奇奇怪怪的bug时需要用到新全局变量时提供需要的变量，希望不会出问题……？
240,取消修复
