2,射精部位
3,避孕套
4,射精快感强度

12,已射精部位FLAG
;（1=膣内 2=肛门 3=手淫 4=口淫 5=乳交 6=素股 7=足交 8=体表 9=肛门侍奉 10=道具 11=触手）

15,破瓜
16,
17,Ａ破瓜
20,Counter行动
21,Counter行动的派生

30,Counter行动决定フラグ


40,避孕
50,口上出力用射精部位
60,缩略显示
61,童贞丧失
62,Ａ丧失发生
63,ＦＫ丧失

70,指令Ｃ补正
71,指令Ｖ补正
72,指令Ａ补正
73,指令Ｂ补正
74,指令Ｍ补正
75,口内射精补正
76,膣内射精补正
77,肛内射精补正

100,V插入管理FLAG
101,A插入管理FLAG

;（1ターン持续）
102,V被中出FLAG
104,A被中出FLAG

103,Vに中出しした角色の番号
105,Aに中出しした角色の番号

106,快乐强度
107,要去了
108,侍奉FLAG
109,口服避孕药
111,射精槽增加量
112,前ターン射精部位,;上一次射精的地方
;TCVAR:12の值を引き继ぐ ;继承12的数值
115,勃起判定
117,恳求
118,挑逗回数
120,体势
121,体势制御
122,位置关系
123,位置关系制御
124,射精我慢
125,嗜虐フラグ,;原值112 不确定有多大影响
126,误爆插入フラグ

130,亲热
131,时奸刻印取得用
132,愤怒
133,烂醉奸バレ
134,抱きつき禁止时间
135,不诚实度
137,新鲜精液
138,糖
139,催情药
140,媚药
141,利尿剂
142,发情
143,特别的茶水
;(0=红茶, 1= )
144,药
145,烂醉
146,不耐烦
147,欲求不满度管理
148,睡眠药强度
;(0=通常睡眠　1=深い睡眠　2=非常に深い睡眠　3=昏睡)
149,睡眠深度
150,睡眠药茶使用
151,疲劳度
152,强制排卵
153,国士无双（药）
154,祈愿桃色の风,;许愿桃红色的风


170,祈愿补正
171,素材购入済み

179,种付け自觉
180,种付けられ自觉
181,初次拥抱
182,今天有否见面
183,中止接吻
184,听取委托
185,保持不动
186,插入拒绝
187,种付け量
188,外に出すから,;外出许可（这个意思吗？）
190,更衣
191,另一种便服
192,追い出され时刻
193,追い出され地点
194,引力点
195,Daily显示,;Daily显示

200,强行
201,YARASERO_REASON
202,次回Counter
203,ポイズンゲージ

250,儿童空腹度
;251,儿童空腹COUNT

296,弹幕胜负结果
;(1=MASTER胜利 -1=MASTER败北
297,弹幕胜负不能
298,演奏参加
299,演奏日时
300,饮茶时刻
301,会话累计值
302,会话不能
303,身体接触日时
304,摸头时刻
305,吃饭
306,料理评价值
307,盗み食い抑制

309,绕远路时刻
310,膝枕时刻
;311,轻食时刻
312,空腹时刻
313,甜点空腹时刻
314,接吻时刻
315,没法帮忙
316,工资
317,特殊事件
318,待客室的污垢
319,连住禁止
320,随便
321,特殊的工作
322,工作的有无
323,帮忙工作量
324,礼物
325,工作开始
326,工作结束
327,肮脏度
328,休憩中
329,到家访问
330,本来的服装
331,感度上升部位
332,诱惑时刻
333,今天的礼物
;MASTERはその日赠り物を渡した角色, CHARAはその日获得的礼物
334,斗虫参加可否
335,打西瓜参加

;特殊Buff
341,祝福,;妊娠率がほんの少し上升,妊娠对象に付与されていないと效果无（种侧は效果无）
342,魔性,;弹幕胜负で自分の骰子目がUP,对战相手に付与されてると对战相手もUP
343,加护,;弹幕胜负で相手の骰子目がダウン,对战相手に付与されてると自分もダウン
344,丰穣,;野菜收获时の收获量UP

;TCVAR:350～399 口上用确保领域

400,Ｃ经验
401,Ｖ经验
402,Ａ经验
403,Ｂ经验
404,Ｍ经验
405,Ｃ绝顶经验
406,Ｖ绝顶经验
407,Ａ绝顶经验
408,Ｂ绝顶经验
409,Ｍ绝顶经验
;绝顶经验
410,绝顶经验
411,射精经验
412,喷乳经验
413,放尿经验
414,精液经验
415,精饮经验
416,膣射经验
417,肛射经验

;行动经验
420,Ｖ性交经验
421,Ａ性交经验
422,自慰经验
423,调教自慰经验
424,手淫经验
425,口淫经验
426,乳交经验
427,接吻经验
428,道具使用经验
429,插入经验

;精神经验
440,侍奉快乐经验
441,爱情经验
442,苦痛快乐经验
443,嗜虐快乐经验

;调教经验
450,调教经验
451,百合经验
452,断袖经验
453,异常经验
454,Ｖ扩张经验
455,Ａ扩张经验
456,紧缚经验

;其他
470,清扫经验
471,会话经验
472,摄影经验
473,被拍照经验
474,战斗经验
479,演奏经验
;retains how much sexual frustration a character lost due to their children being around
907,PENT_UP_FRUSTRATION
911,EVENT_CLOTHING_SET,;the highest possible priority for clothing sets, only to be used for temporary events that should override everything
;魔改
998,口服避孕药（假）
