;------------------------------------------------------------
;15_AIさくや
;翻译口上をイメージ、思慕以上で通常・笑颜が变化し恋慕でマウスオーバーウィンクする
;NAIから1111でリメイク
;------------------------------------------------------------
别颜2_服_通常_15,15_别颜2.webp,0,0,180,180
别颜2_服_笑颜_15,15_别颜2.webp,180,0,180,180
别颜2_服_愤怒_15,15_别颜2.webp,360,0,180,180
别颜2_服_发情_15,15_别颜2.webp,540,0,180,180
别颜2_服_自慰_15,15_别颜2.webp,720,0,180,180
别颜2_服_トロ颜_15,15_别颜2.webp,900,0,180,180
别颜2_服_イキ颜_15,15_别颜2.webp,1080,0,180,180
别颜2_服_通常２_15,15_别颜2.webp,1260,0,180,180
别颜2_服_笑颜２_15,15_别颜2.webp,1440,0,180,180
别颜2_服_ウィンク_15,15_别颜2.webp,1620,0,180,180

别颜2_裸_通常_15,15_别颜2.webp,0,180,180,180
别颜2_裸_笑颜_15,15_别颜2.webp,180,180,180,180
别颜2_裸_愤怒_15,15_别颜2.webp,360,180,180,180
别颜2_裸_发情_15,15_别颜2.webp,540,180,180,180
别颜2_裸_自慰_15,15_别颜2.webp,720,180,180,180
别颜2_裸_トロ颜_15,15_别颜2.webp,900,180,180,180
别颜2_裸_イキ颜_15,15_别颜2.webp,1080,180,180,180
别颜2_裸_通常２_15,15_别颜2.webp,1260,180,180,180
别颜2_裸_笑颜２_15,15_别颜2.webp,1440,180,180,180
别颜2_裸_ウィンク_15,15_别颜2.webp,1620,180,180,180

别颜2_服_バニー_通常_15,15_别颜2.webp,0,360,180,180
别颜2_服_バニー_笑颜_15,15_别颜2.webp,180,360,180,180
别颜2_服_バニー_愤怒_15,15_别颜2.webp,360,360,180,180
别颜2_服_バニー_发情_15,15_别颜2.webp,540,360,180,180
别颜2_服_バニー_自慰_15,15_别颜2.webp,720,360,180,180
别颜2_服_バニー_トロ颜_15,15_别颜2.webp,900,360,180,180
别颜2_服_バニー_イキ颜_15,15_别颜2.webp,1080,360,180,180
别颜2_服_バニー_通常２_15,15_别颜2.webp,1260,360,180,180
别颜2_服_バニー_笑颜２_15,15_别颜2.webp,1440,360,180,180
别颜2_服_バニー_ウィンク_15,15_别颜2.webp,1620,360,180,180

;立绘，原版代替
;服
别立ち2_服_通常_15,15_别立ち2.webp,0,0,180,180
别立ち2_服_笑颜_15,15_别立ち2.webp,180,0,180,180
别立ち2_服_愤怒_15,15_别立ち2.webp,360,0,180,180
;裸
别立ち2_裸_通常_15,15_别立ち2.webp,0,180,180,180
别立ち2_裸_笑颜_15,15_别立ち2.webp,180,180,180,180
别立ち2_裸_愤怒_15,15_别立ち2.webp,360,180,180,180
;差分
别立ち2_服_通常_15_人里,15_1_别立ち2.webp,0,0,180,180
别立ち2_服_笑颜_15_人里,15_1_别立ち2.webp,180,0,180,180
别立ち2_服_愤怒_15_人里,15_1_别立ち2.webp,360,0,180,180
别立ち2_裸_通常_15_人里,15_1_别立ち2.webp,0,180,180,180
别立ち2_裸_笑颜_15_人里,15_1_别立ち2.webp,180,180,180,180
别立ち2_裸_愤怒_15_人里,15_1_别立ち2.webp,360,180,180,180

;------------------------------------------------------------
;17_AIアリス
;割とオーソドックスな出来、实は呪文にちょっとだけグラブルを混ぜてある
;------------------------------------------------------------
别颜2_裸_通常_17,17_别颜2.webp,0,0,180,180
别颜2_裸_笑颜_17,17_别颜2.webp,180,0,180,180
别颜2_裸_愤怒_17,17_别颜2.webp,360,0,180,180
别颜2_裸_发情_17,17_别颜2.webp,540,0,180,180
别颜2_裸_自慰_17,17_别颜2.webp,720,0,180,180
别颜2_裸_爱抚_17,17_别颜2.webp,900,0,180,180
别颜2_裸_トロ颜_17,17_别颜2.webp,1080,0,180,180
别颜2_裸_イキ颜_17,17_别颜2.webp,1260,0,180,180

别颜2_服_通常_17,17_别颜2.webp,0,180,180,180
别颜2_服_笑颜_17,17_别颜2.webp,180,180,180,180
别颜2_服_愤怒_17,17_别颜2.webp,360,180,180,180
别颜2_服_发情_17,17_别颜2.webp,540,180,180,180
别颜2_服_自慰_17,17_别颜2.webp,720,180,180,180
别颜2_服_爱抚_17,17_别颜2.webp,900,180,180,180
别颜2_服_トロ颜_17,17_别颜2.webp,1080,180,180,180
别颜2_服_イキ颜_17,17_别颜2.webp,1260,180,180,180
;------------------------------------------------------------
;25_AI蓝
;元々着衣绘に合わせた范围の巨乳だったが、口上を参照した结果ドカ盛になった
;------------------------------------------------------------
别颜_服_通常_25,25_别颜.webp,0,0,180,180
别颜_裸_通常_25,25_别颜.webp,180,0,180,180
25别颜_表情笑颜,25_别颜.webp,360,0,180,180
25别颜_表情愤怒,25_别颜.webp,540,0,180,180
25别颜_表情发情,25_别颜.webp,720,0,180,180
25别颜_表情トロ颜,25_别颜.webp,900,0,180,180
25别颜_表情イキ颜,25_别颜.webp,1080,0,180,180

别颜_服_バニー_通常_25,25_别颜.webp,0,180,180,180
别颜_服_爆バニー_通常_25,25_别颜.webp,180,180,180,180
别颜_爆乳裸_通常_25,25_别颜.webp,360,180,180,180
25别颜_表情发情Ａ,25_别颜.webp,540,180,180,180
25别颜_表情发情Ｂ,25_别颜.webp,720,180,180,180
25别颜_表情发情Ｃ,25_别颜.webp,900,180,180,180

别颜_母乳_25,25_别颜.webp,0,360,180,180
别颜_爆乳母乳_25,25_别颜.webp,180,360,180,180
别颜_前挂け_25,25_别颜.webp,360,360,180,180
别颜_帽子_25,25_别颜.webp,540,360,180,180
别颜_汤气_25,25_别颜.webp,720,360,180,180
;------------------------------------------------------------
;32_キャノボ风AIかなこ
;发をアップにしてコルセットつけてキャノボ风に
;------------------------------------------------------------
别颜_服_通常_32,32_别颜.webp,0,0,180,180
别颜_服_笑颜_32,32_别颜.webp,180,0,180,180
别颜_服_愤怒_32,32_别颜.webp,360,0,180,180
别颜_服_发情_32,32_别颜.webp,540,0,180,180
别颜_服_自慰_32,32_别颜.webp,720,0,180,180
别颜_服_トロ颜_32,32_别颜.webp,900,0,180,180
别颜_服_イキ颜_32,32_别颜.webp,1080,0,180,180

别颜_裸_通常_32,32_别颜.webp,0,180,180,180
别颜_裸_笑颜_32,32_别颜.webp,180,180,180,180
别颜_裸_愤怒_32,32_别颜.webp,360,180,180,180
别颜_裸_发情_32,32_别颜.webp,540,180,180,180
别颜_裸_自慰_32,32_别颜.webp,720,180,180,180
别颜_裸_トロ颜_32,32_别颜.webp,900,180,180,180
别颜_裸_イキ颜_32,32_别颜.webp,1080,180,180,180

;------------------------------------------------------------
;37_AIおくう
;リメイクしてバニー追加
;------------------------------------------------------------
别颜_服_通常_37,37_别颜.webp,0,0,180,180
别颜_裸_通常_37,37_别颜.webp,180,0,180,180
37别颜_表情笑颜,37_别颜.webp,360,0,180,180
37别颜_表情愤怒,37_别颜.webp,540,0,180,180
37别颜_表情发情,37_别颜.webp,720,0,180,180
37别颜_表情トロ颜,37_别颜.webp,900,0,180,180
37别颜_表情イキ颜,37_别颜.webp,1080,0,180,180
别颜_服_バニー_通常_37,37_别颜.webp,1260,0,180,180
;------------------------------------------------------------
;42_天狗衣装果
;i2iを繰り返してなんとか天狗服をひねくりだす
;裸差分はスレの有志の手によるもの
;------------------------------------------------------------
别颜_服_通常_42,42_别颜.webp,0,0,180,180
别颜_裸_通常_42,42_别颜.webp,180,0,180,180
42别颜_表情笑颜,42_别颜.webp,360,0,180,180
42别颜_表情愤怒,42_别颜.webp,540,0,180,180
42别颜_表情发情,42_别颜.webp,720,0,180,180
42别颜_表情トロ颜,42_别颜.webp,900,0,180,180
42别颜_表情イキ颜,42_别颜.webp,1080,0,180,180
别颜_裸_爆乳拆分_42,42_别颜.webp,1260,0,180,180
;------------------------------------------------------------
;43_AIかせん
;普通に时间がかかった
;影を作ると先に决めていたらもっと差别化を意识してた
;------------------------------------------------------------
别颜_裸_通常_43,43_别颜.webp,0,0,180,180
别颜_裸_笑颜_43,43_别颜.webp,180,0,180,180
别颜_裸_愤怒_43,43_别颜.webp,360,0,180,180
别颜_裸_发情_43,43_别颜.webp,540,0,180,180
别颜_裸_トロ颜_43,43_别颜.webp,720,0,180,180
别颜_裸_イキ颜_43,43_别颜.webp,900,0,180,180

别颜_服_通常_43,43_别颜.webp,0,180,180,180
别颜_服_笑颜_43,43_别颜.webp,180,180,180,180
别颜_服_愤怒_43,43_别颜.webp,360,180,180,180
别颜_服_发情_43,43_别颜.webp,540,180,180,180
别颜_服_トロ颜_43,43_别颜.webp,720,180,180,180
别颜_服_イキ颜_43,43_别颜.webp,900,180,180,180

;------------------------------------------------------------
;50_AIフラン
;恋慕がつくまでは表情が变わらず、怒らせた场合のみ目が光る
;------------------------------------------------------------
别颜_裸_通常_50,50_别颜.webp,0,0,180,180
别颜_裸_笑颜_50,50_别颜.webp,180,0,180,180
别颜_裸_愤怒_50,50_别颜.webp,360,0,180,180
别颜_裸_发情_50,50_别颜.webp,540,0,180,180
别颜_裸_自慰_50,50_别颜.webp,720,0,180,180
别颜_裸_トロ颜_50,50_别颜.webp,900,0,180,180
别颜_裸_イキ颜_50,50_别颜.webp,1080,0,180,180
别颜_裸_虚无A_50,50_别颜.webp,1260,0,180,180
别颜_裸_虚无B_50,50_别颜.webp,1440,0,180,180

别颜_服_通常_50,50_别颜.webp,0,180,180,180
别颜_服_笑颜_50,50_别颜.webp,180,180,180,180
别颜_服_愤怒_50,50_别颜.webp,360,180,180,180
别颜_服_发情_50,50_别颜.webp,540,180,180,180
别颜_服_自慰_50,50_别颜.webp,720,180,180,180
别颜_服_トロ颜_50,50_别颜.webp,900,180,180,180
别颜_服_イキ颜_50,50_别颜.webp,1080,180,180,180
别颜_服_虚无A_50,50_别颜.webp,1260,180,180,180
别颜_服_虚无B_50,50_别颜.webp,1440,180,180,180
;------------------------------------------------------------
;54_AIぱちぇ
;脱がすとリボンが变わってしまう、发が前に垂れてるキャラは差分制作が厄介と言う教训
;------------------------------------------------------------
别颜_裸_通常_54,54_别颜.webp,0,0,180,180
别颜_裸_笑颜_54,54_别颜.webp,180,0,180,180
别颜_裸_愤怒_54,54_别颜.webp,360,0,180,180
别颜_裸_自慰_54,54_别颜.webp,540,0,180,180
别颜_裸_イキ颜_54,54_别颜.webp,720,0,180,180
别颜_裸_发情_54,54_别颜.webp,900,0,180,180
别颜_裸_トロ颜_54,54_别颜.webp,1080,0,180,180

别颜_服_通常_54,54_别颜.webp,0,180,180,180
别颜_服_笑颜_54,54_别颜.webp,180,180,180,180
别颜_服_愤怒_54,54_别颜.webp,360,180,180,180
别颜_服_自慰_54,54_别颜.webp,540,180,180,180
别颜_服_イキ颜_54,54_别颜.webp,720,180,180,180
别颜_服_发情_54,54_别颜.webp,900,180,180,180
别颜_服_トロ颜_54,54_别颜.webp,1080,180,180,180

;------------------------------------------------------------
;60_帕露西
;颜はともかく上着の模様をちゃんと出そうとすると一苦劳,黑インナーは简单
;はだけと専用エフェクト入りの赘泽仕様
;------------------------------------------------------------
别颜2_服_通常_60,60_别颜2.webp,0,0,180,180
别颜2_裸_通常_60,60_别颜2.webp,180,0,180,180
60别颜2_表情笑颜,60_别颜2.webp,360,0,180,180
60别颜2_表情愤怒,60_别颜2.webp,540,0,180,180
60别颜2_表情发情,60_别颜2.webp,720,0,180,180
60别颜2_表情トロ颜,60_别颜2.webp,900,0,180,180
60别颜2_表情イキ颜,60_别颜2.webp,1080,0,180,180
别颜2_服_半脱ぎ_通常_60,60_别颜2.webp,0,180,180,180
别颜2_服_半脱ぎ_通常_巨乳拆分_60,60_别颜2.webp,180,180,180,180
别颜2_裸_通常_巨乳拆分_60,60_别颜2.webp,360,180,180,180
别颜2_headpat_60,60_别颜2.webp,540,180,180,180
;------------------------------------------------------------
;61_AIもこう
;NAI使ってたころから何度も作ってはしっくりこなくて公开できなかった
;anythingだと割と纳得いく感じに
;------------------------------------------------------------
别颜_服_通常_61,61_别颜.webp,0,0,180,180
别颜_裸_通常_61,61_别颜.webp,180,0,180,180
61别颜_表情笑颜,61_别颜.webp,360,0,180,180
61别颜_表情愤怒,61_别颜.webp,540,0,180,180
61别颜_表情发情,61_别颜.webp,720,0,180,180
61别颜_表情トロ颜,61_别颜.webp,900,0,180,180
61别颜_表情イキ颜,61_别颜.webp,1080,0,180,180
;------------------------------------------------------------
;70_AI小铃
;チェック着物を出してからはさして苦劳せず
;------------------------------------------------------------
;别颜_裸_通常_70,70_别颜.webp,0,0,180,180
;别颜_裸_笑颜_70,70_别颜.webp,180,0,180,180
;别颜_裸_愤怒_70,70_别颜.webp,360,0,180,180
;别颜_裸_发情_70,70_别颜.webp,540,0,180,180
;别颜_裸_トロ颜_70,70_别颜.webp,720,0,180,180
;别颜_裸_イキ颜_70,70_别颜.webp,900,0,180,180
;别颜_服_通常_70,70_别颜.webp,0,180,180,180
;别颜_服_笑颜_70,70_别颜.webp,180,180,180,180
;别颜_服_愤怒_70,70_别颜.webp,360,180,180,180
;别颜_服_发情_70,70_别颜.webp,540,180,180,180
;别颜_服_トロ颜_70,70_别颜.webp,720,180,180,180
;别颜_服_イキ颜_70,70_别颜.webp,900,180,180,180
别颜_服_通常_70,70_别颜.webp,0,0,180,180
别颜_裸_通常_70,70_别颜.webp,180,0,180,180
70别颜_表情笑颜,70_别颜.webp,360,0,180,180
70别颜_表情愤怒,70_别颜.webp,540,0,180,180
70别颜_表情发情,70_别颜.webp,720,0,180,180
70别颜_表情トロ颜,70_别颜.webp,900,0,180,180
70别颜_表情イキ颜,70_别颜.webp,1080,0,180,180
;------------------------------------------------------------
;72_AIえーりん
;一旦作ってから发がおかしいことに气づいて作り直して二度手间
;バニー服はもちろん特别仕様
;------------------------------------------------------------
别颜_服_通常_72,72_别颜.webp,0,0,180,180
别颜_裸_通常_72,72_别颜.webp,180,0,180,180
72别颜_表情笑颜,72_别颜.webp,360,0,180,180
72别颜_表情愤怒,72_别颜.webp,540,0,180,180
72别颜_表情发情,72_别颜.webp,720,0,180,180
72别颜_表情トロ颜,72_别颜.webp,900,0,180,180
72别颜_表情イキ颜,72_别颜.webp,1080,0,180,180
别颜_服_バニー_通常_72,72_别颜.webp,1260,0,180,180

;立绘，原版代替
;服
别立ち_服_通常_72,72_别立ち.webp,0,0,180,180
别立ち_服_笑颜_72,72_别立ち.webp,180,0,180,180
别立ち_服_愤怒_72,72_别立ち.webp,360,0,180,180
;裸
别立ち_裸_通常_72,72_别立ち.webp,0,180,180,180
别立ち_裸_笑颜_72,72_别立ち.webp,180,180,180,180
别立ち_裸_愤怒_72,72_别立ち.webp,360,180,180,180
;------------------------------------------------------------
;73_AIばんき
;マントに试行错误、スレでの助け舟でようやく完成
;------------------------------------------------------------
别颜_服_通常_73,73_别颜.webp,0,0,180,180
别颜_裸_通常_73,73_别颜.webp,180,0,180,180
73别颜_表情笑颜,73_别颜.webp,360,0,180,180
73别颜_表情愤怒,73_别颜.webp,540,0,180,180
73别颜_表情发情,73_别颜.webp,720,0,180,180
73别颜_表情トロ颜,73_别颜.webp,900,0,180,180
73别颜_表情イキ颜,73_别颜.webp,1080,0,180,180
别颜_裸_贫乳拆分_73,73_别颜.webp,0,180,180,180
别颜_裸_巨乳拆分_73,73_别颜.webp,180,180,180,180
别颜_服_バニー_通常_73,73_别颜.webp,360,180,180,180
别颜_服_バニー_巨乳拆分_73,73_别颜.webp,540,180,180,180
别颜_服_スーツ_通常_73,73_别颜.webp,720,180,180,180
别颜_服_スーツ_巨乳拆分_73,73_别颜.webp,900,180,180,180
别颜_吐息_73,73_别颜.webp,1080,180,180,180
别颜_贫乳母乳_73,73_别颜.webp,0,360,180,180
别颜_巨乳母乳_73,73_别颜.webp,180,360,180,180
别颜_母乳_73,73_别颜.webp,360,360,180,180
;------------------------------------------------------------
;74_AIレティ
;リメイクしてバニー追加
;------------------------------------------------------------
别颜_服_通常_74,74_别颜.webp,0,0,180,180
别颜_裸_通常_74,74_别颜.webp,180,0,180,180
74别颜_表情笑颜,74_别颜.webp,360,0,180,180
74别颜_表情愤怒,74_别颜.webp,540,0,180,180
74别颜_表情发情,74_别颜.webp,720,0,180,180
74别颜_表情トロ颜,74_别颜.webp,900,0,180,180
74别颜_表情イキ颜,74_别颜.webp,1080,0,180,180
别颜_服_バニー_通常_74,74_别颜.webp,1260,0,180,180
;------------------------------------------------------------
;75_メディスン
;うさみみ卫生兵は劳作
;裸差分はスレの有志の手によるもの
;------------------------------------------------------------
别颜_服_通常_75,75_别颜.webp,0,0,180,180
别颜_裸_通常_75,75_别颜.webp,180,0,180,180
别颜_服_バニー_通常_75,75_别颜.webp,360,0,180,180
别颜_裸_爆乳拆分_75,75_别颜.webp,540,0,180,180

75别颜_表情笑颜,75_别颜.webp,0,180,180,180
75别颜_表情愤怒,75_别颜.webp,180,180,180,180
75别颜_表情发情,75_别颜.webp,360,180,180,180
75别颜_表情トロ颜,75_别颜.webp,540,180,180,180
75别颜_表情イキ颜,75_别颜.webp,720,180,180,180
;------------------------------------------------------------
;87_星ちゃん
;キバ出して笑うのがお气に入り
;------------------------------------------------------------
别颜_服_通常_87,87_别颜.webp,0,0,180,180
别颜_裸_通常_87,87_别颜.webp,180,0,180,180
87别颜_表情笑颜,87_别颜.webp,360,0,180,180
87别颜_表情愤怒,87_别颜.webp,540,0,180,180
87别颜_表情发情,87_别颜.webp,720,0,180,180
87别颜_表情トロ颜,87_别颜.webp,900,0,180,180
87别颜_表情イキ颜,87_别颜.webp,1080,0,180,180
别颜_裸_巨乳拆分_87,87_别颜.webp,1260,0,180,180
;------------------------------------------------------------
;94_AIべんべん
;ちょっとやそっとで出せるキャラではなかったので中华风アレンジ
;------------------------------------------------------------
别颜_裸_通常_94,94_别颜.webp,0,0,180,180
别颜_裸_笑颜_94,94_别颜.webp,180,0,180,180
别颜_裸_愤怒_94,94_别颜.webp,360,0,180,180
别颜_裸_发情_94,94_别颜.webp,540,0,180,180
别颜_裸_トロ颜_94,94_别颜.webp,720,0,180,180
别颜_裸_イキ颜_94,94_别颜.webp,900,0,180,180

别颜_服_通常_94,94_别颜.webp,0,180,180,180
别颜_服_笑颜_94,94_别颜.webp,180,180,180,180
别颜_服_愤怒_94,94_别颜.webp,360,180,180,180
别颜_服_发情_94,94_别颜.webp,540,180,180,180
别颜_服_トロ颜_94,94_别颜.webp,720,180,180,180
别颜_服_イキ颜_94,94_别颜.webp,900,180,180,180
;------------------------------------------------------------
;94_AIべんべん
;リメイクしてバニー追加
;------------------------------------------------------------
别颜2_服_通常_94,94_别颜2.webp,0,0,180,180
别颜2_裸_通常_94,94_别颜2.webp,180,0,180,180
94别颜2_表情笑颜,94_别颜2.webp,360,0,180,180
94别颜2_表情愤怒,94_别颜2.webp,540,0,180,180
94别颜2_表情发情,94_别颜2.webp,720,0,180,180
94别颜2_表情トロ颜,94_别颜2.webp,900,0,180,180
94别颜2_表情イキ颜,94_别颜2.webp,1080,0,180,180
别颜2_服_バニー_通常_94,94_别颜2.webp,1260,0,180,180

;------------------------------------------------------------
;96_AIらいこ
;シャツの柄を出すのが大变だった
;------------------------------------------------------------
别颜_裸_通常_96,96_别颜.webp,0,0,180,180
别颜_裸_笑颜_96,96_别颜.webp,180,0,180,180
别颜_裸_愤怒_96,96_别颜.webp,360,0,180,180
别颜_裸_自慰_96,96_别颜.webp,540,0,180,180
别颜_裸_发情_96,96_别颜.webp,720,0,180,180
别颜_裸_トロ颜_96,96_别颜.webp,900,0,180,180
别颜_裸_イキ颜_96,96_别颜.webp,1080,0,180,180

别颜_服_通常_96,96_别颜.webp,0,180,180,180
别颜_服_笑颜_96,96_别颜.webp,180,180,180,180
别颜_服_愤怒_96,96_别颜.webp,360,180,180,180
别颜_服_自慰_96,96_别颜.webp,540,180,180,180
别颜_服_发情_96,96_别颜.webp,720,180,180,180
别颜_服_トロ颜_96,96_别颜.webp,900,180,180,180
别颜_服_イキ颜_96,96_别颜.webp,1080,180,180,180
;------------------------------------------------------------
;99_AI丰姫
;大筋では合ってるがコレジャナイ的画像ばかり生成され难产だった
;------------------------------------------------------------
;别颜_裸_通常_99,99_别颜.webp,0,0,180,180
;别颜_裸_笑颜_99,99_别颜.webp,180,0,180,180
;别颜_裸_愤怒_99,99_别颜.webp,360,0,180,180
;别颜_裸_发情_99,99_别颜.webp,540,0,180,180
;别颜_裸_トロ颜_99,99_别颜.webp,720,0,180,180
;别颜_裸_イキ颜_99,99_别颜.webp,900,0,180,180
;别颜_服_通常_99,99_别颜.webp,0,180,180,180
;别颜_服_笑颜_99,99_别颜.webp,180,180,180,180
;别颜_服_愤怒_99,99_别颜.webp,360,180,180,180
;别颜_服_发情_99,99_别颜.webp,540,180,180,180
;别颜_服_トロ颜_99,99_别颜.webp,720,180,180,180
;别颜_服_イキ颜_99,99_别颜.webp,900,180,180,180
别颜_服_通常_99,99_别颜.webp,0,0,180,180
别颜_裸_通常_99,99_别颜.webp,180,0,180,180
99别颜_表情笑颜,99_别颜.webp,360,0,180,180
99别颜_表情愤怒,99_别颜.webp,540,0,180,180
99别颜_表情发情,99_别颜.webp,720,0,180,180
99别颜_表情トロ颜,99_别颜.webp,900,0,180,180
99别颜_表情イキ颜,99_别颜.webp,1080,0,180,180
;------------------------------------------------------------
;AIしんき
;元々はさしたる思い入れのあるキャラではないが、すごい美人な绘を引けたのでこれで作ると决意
;ゆったりした衣装なので剥くのに一苦劳
;------------------------------------------------------------
别颜_服_通常_102,102_别颜.webp,0,0,180,180
别颜_裸_通常_102,102_别颜.webp,180,0,180,180
102别颜_表情笑颜,102_别颜.webp,360,0,180,180
102别颜_表情愤怒,102_别颜.webp,540,0,180,180
102别颜_表情发情,102_别颜.webp,720,0,180,180
102别颜_表情トロ颜,102_别颜.webp,900,0,180,180
102别颜_表情イキ颜,102_别颜.webp,1080,0,180,180
;------------------------------------------------------------
;AIユキマイ
;------------------------------------------------------------
别颜_服_通常_104,104_别颜.webp,0,0,180,180
别颜_裸_通常_104,104_别颜.webp,180,0,180,180
104别颜_表情笑颜,104_别颜.webp,360,0,180,180
104别颜_表情愤怒,104_别颜.webp,540,0,180,180
104别颜_表情发情,104_别颜.webp,720,0,180,180
104别颜_表情トロ颜,104_别颜.webp,900,0,180,180
104别颜_表情イキ颜,104_别颜.webp,1080,0,180,180
别颜_服_バニー_通常_104,AI_bunny.webp,360,0,180,180

别颜_服_通常_105,105_别颜.webp,0,0,180,180
别颜_裸_通常_105,105_别颜.webp,180,0,180,180
105别颜_表情笑颜,105_别颜.webp,360,0,180,180
105别颜_表情愤怒,105_别颜.webp,540,0,180,180
105别颜_表情发情,105_别颜.webp,720,0,180,180
105别颜_表情トロ颜,105_别颜.webp,900,0,180,180
105别颜_表情イキ颜,105_别颜.webp,1080,0,180,180
别颜_服_バニー_通常_105,AI_bunny.webp,540,0,180,180
;------------------------------------------------------------
;AIあおりんご
;------------------------------------------------------------
别颜_服_通常_107,107_别颜.webp,0,0,180,180
别颜_裸_通常_107,107_别颜.webp,180,0,180,180
107别颜_表情笑颜,107_别颜.webp,360,0,180,180
107别颜_表情愤怒,107_别颜.webp,540,0,180,180
107别颜_表情发情,107_别颜.webp,720,0,180,180
107别颜_表情トロ颜,107_别颜.webp,900,0,180,180
107别颜_表情イキ颜,107_别颜.webp,1080,0,180,180

别颜_服_通常_108,108_别颜.webp,0,0,180,180
别颜_裸_通常_108,108_别颜.webp,180,0,180,180
108别颜_表情笑颜,108_别颜.webp,360,0,180,180
108别颜_表情愤怒,108_别颜.webp,540,0,180,180
108别颜_表情发情,108_别颜.webp,720,0,180,180
108别颜_表情トロ颜,108_别颜.webp,900,0,180,180
108别颜_表情イキ颜,108_别颜.webp,1080,0,180,180

;------------------------------------------------------------
;AIむげんげ
;------------------------------------------------------------
别颜_服_通常_116,116_别颜.webp,0,0,180,180
别颜_裸_通常_116,116_别颜.webp,180,0,180,180
116别颜_表情笑颜,116_别颜.webp,360,0,180,180
116别颜_表情愤怒,116_别颜.webp,540,0,180,180
116别颜_表情发情,116_别颜.webp,720,0,180,180
116别颜_表情トロ颜,116_别颜.webp,900,0,180,180
116别颜_表情イキ颜,116_别颜.webp,1080,0,180,180
别颜_服_バニー_通常_116,AI_bunny.webp,180,0,180,180

别颜_服_通常_117,117_别颜.webp,0,0,180,180
别颜_裸_通常_117,117_别颜.webp,180,0,180,180
117别颜_表情笑颜,117_别颜.webp,360,0,180,180
117别颜_表情愤怒,117_别颜.webp,540,0,180,180
117别颜_表情发情,117_别颜.webp,720,0,180,180
117别颜_表情トロ颜,117_别颜.webp,900,0,180,180
117别颜_表情イキ颜,117_别颜.webp,1080,0,180,180
别颜_服_バニー_通常_117,AI_bunny.webp,0,0,180,180
;------------------------------------------------------------
;AIあうん
;------------------------------------------------------------
别颜_服_通常_120,120_别颜.webp,0,0,180,180
别颜_裸_通常_120,120_别颜.webp,180,0,180,180
120别颜_表情笑颜,120_别颜.webp,360,0,180,180
120别颜_表情愤怒,120_别颜.webp,540,0,180,180
120别颜_表情发情,120_别颜.webp,720,0,180,180
120别颜_表情トロ颜,120_别颜.webp,900,0,180,180
120别颜_表情イキ颜,120_别颜.webp,1080,0,180,180


;------------------------------------------------------------
;早鬼
;------------------------------------------------------------
别颜_服_通常_133,133_别颜.webp,0,0,180,180
别颜_裸_通常_133,133_别颜.webp,180,0,180,180
133别颜_表情笑颜,133_别颜.webp,360,0,180,180
133别颜_表情愤怒,133_别颜.webp,540,0,180,180
133别颜_表情发情,133_别颜.webp,720,0,180,180
133别颜_表情トロ颜,133_别颜.webp,900,0,180,180
133别颜_表情イキ颜,133_别颜.webp,1080,0,180,180
;------------------------------------------------------------
;139_AI典
;口上作者のオーダーに则って作れたのが乐しかった
;半目の出し方がわかったのは嬉しい收获
;------------------------------------------------------------
;别颜_裸_通常_139,139_别颜.webp,0,0,180,180
;别颜_裸_笑颜_139,139_别颜.webp,180,0,180,180
;别颜_裸_愤怒_139,139_别颜.webp,360,0,180,180
;别颜_裸_发情_139,139_别颜.webp,540,0,180,180
;别颜_裸_トロ颜_139,139_别颜.webp,720,0,180,180
;别颜_裸_イキ颜_139,139_别颜.webp,900,0,180,180
;别颜_裸_半目_139,139_别颜.webp,1080,0,180,180
;别颜_裸_恶い颜_139,139_别颜.webp,1260,0,180,180
;别颜_裸_巨乳拆分_139,139_别颜.webp,1440,0,180,180
;
;别颜_服_通常_139,139_别颜.webp,0,180,180,180
;别颜_服_笑颜_139,139_别颜.webp,180,180,180,180
;别颜_服_愤怒_139,139_别颜.webp,360,180,180,180
;别颜_服_发情_139,139_别颜.webp,540,180,180,180
;别颜_服_トロ颜_139,139_别颜.webp,720,180,180,180
;别颜_服_イキ颜_139,139_别颜.webp,900,180,180,180
;别颜_服_半目_139,139_别颜.webp,1080,180,180,180
;别颜_服_恶い颜_139,139_别颜.webp,1260,180,180,180
;别颜_服_巨乳拆分_139,139_别颜.webp,1440,180,180,180
;别颜_服_バニー_通常_139,139_别颜.webp,0,360,180,180
;别颜_服_バニー_笑颜_139,139_别颜.webp,180,360,180,180
;别颜_服_バニー_愤怒_139,139_别颜.webp,360,360,180,180
;别颜_服_バニー_发情_139,139_别颜.webp,540,360,180,180
;别颜_服_バニー_トロ颜_139,139_别颜.webp,720,360,180,180
;别颜_服_バニー_イキ颜_139,139_别颜.webp,900,360,180,180
;别颜_服_バニー_半目_139,139_别颜.webp,1080,360,180,180
;别颜_服_バニー_恶い颜_139,139_别颜.webp,1260,360,180,180
;别颜_服_バニー_巨乳拆分_139,139_别颜.webp,1440,360,180,180

别颜_服_通常_139,139_别颜.webp,0,0,180,180
别颜_裸_通常_139,139_别颜.webp,180,0,180,180
别颜_服_バニー_通常_139,139_别颜.webp,360,0,180,180
别颜_服_巨乳拆分_139,139_别颜.webp,540,0,180,180
别颜_裸_巨乳拆分_139,139_别颜.webp,720,0,180,180
别颜_服_バニー_巨乳拆分_139,139_别颜.webp,900,0,180,180

139别颜_表情笑颜,139_别颜.webp,0,180,180,180
139别颜_表情愤怒,139_别颜.webp,180,180,180,180
139别颜_表情发情,139_别颜.webp,360,180,180,180
139别颜_表情トロ颜,139_别颜.webp,540,180,180,180
139别颜_表情イキ颜,139_别颜.webp,720,180,180,180
139别颜_表情半目,139_别颜.webp,900,180,180,180
139别颜_表情恶い颜,139_别颜.webp,1080,180,180,180

;------------------------------------------------------------
;144_AI影华扇
;------------------------------------------------------------
别颜_裸_通常_144,144_别颜.webp,0,0,180,180
别颜_裸_笑颜_144,144_别颜.webp,180,0,180,180
别颜_裸_愤怒_144,144_别颜.webp,360,0,180,180
别颜_裸_发情_144,144_别颜.webp,540,0,180,180
别颜_裸_トロ颜_144,144_别颜.webp,720,0,180,180
别颜_裸_イキ颜_144,144_别颜.webp,900,0,180,180

别颜_服_通常_144,144_别颜.webp,0,180,180,180
别颜_服_笑颜_144,144_别颜.webp,180,180,180,180
别颜_服_愤怒_144,144_别颜.webp,360,180,180,180
别颜_服_发情_144,144_别颜.webp,540,180,180,180
别颜_服_トロ颜_144,144_别颜.webp,720,180,180,180
别颜_服_イキ颜_144,144_别颜.webp,900,180,180,180
