; Effect
;---------------------------------
别颜_照れ_13,Face_13_effect.png,0,0,270,270
别颜_愤怒_13,Face_13_effect.png,270,0,270,270
别颜_ハート_13,Face_13_effect.png,540,0,270,270
别颜_睡眠_13,Face_13_effect.png,810,0,270,270
别颜_吐息_13,Face_13_effect.png,1080,0,270,270
别颜_母乳_13,Face_13_effect.png,1350,0,270,270
别颜_汗_13,Face_13_effect.png,1620,0,270,270

别立ち_照れ_13,Stand_13_effect.png,0,0,270,270
别立ち_愤怒_13,Stand_13_effect.png,270,0,270,270
别立ち_ハート_13,Stand_13_effect.png,540,0,270,270
别立ち_睡眠_13,Stand_13_effect.png,810,0,270,270
别立ち_吐息_13,Stand_13_effect.png,1080,0,270,270
别立ち_汗_13,Stand_13_effect.png,1350,0,270,270
别立ち_母乳_13,Stand_13_effect.png,1620,0,270,270

; 表示スイッチ用
;-----------------------------
特别扩张_13,13_extra.png,0,0,270,270

; face
;-----------------------------
别颜_裸_通常_13,Face_13_0_0.png,0,0,270,270
别颜_裸_笑颜_13,Face_13_0_0.png,270,0,270,270
别颜_裸_愤怒_13,Face_13_0_0.png,540,0,270,270
别颜_裸_反抗_13,Face_13_0_0.png,810,0,270,270
别颜_裸_赤面_13,Face_13_0_0.png,1080,0,270,270
别颜_裸_LOVE_13,Face_13_0_0.png,1350,0,270,270

别颜_裸_发情_13,Face_13_0_0.png,0,270,270,270
别颜_裸_爱抚_13,Face_13_0_0.png,270,270,270,270
别颜_裸_性行_13,Face_13_0_0.png,540,270,270,270
别颜_裸_绝顶_13,Face_13_0_0.png,810,270,270,270
别颜_裸_睡眠_13,Face_13_0_0.png,1080,270,270,270

别颜_裸_自慰_13,Face_13_ona.png,0,0,270,270
别颜_妊娠裸_自慰_13,Face_13_ona.png,0,0,270,270

别颜_妊娠裸_通常_13,Face_13_0_1.png,0,0,270,270
别颜_妊娠裸_笑颜_13,Face_13_0_1.png,270,0,270,270
别颜_妊娠裸_愤怒_13,Face_13_0_1.png,540,0,270,270
别颜_妊娠裸_反抗_13,Face_13_0_1.png,810,0,270,270
别颜_妊娠裸_赤面_13,Face_13_0_1.png,1080,0,270,270
别颜_妊娠裸_LOVE_13,Face_13_0_1.png,1350,0,270,270

别颜_妊娠裸_发情_13,Face_13_0_1.png,0,270,270,270
别颜_妊娠裸_爱抚_13,Face_13_0_1.png,270,270,270,270
别颜_妊娠裸_性行_13,Face_13_0_1.png,540,270,270,270
别颜_妊娠裸_绝顶_13,Face_13_0_1.png,810,270,270,270
别颜_妊娠裸_睡眠_13,Face_13_0_1.png,1080,270,270,270

;  SP
;-----------------------------
别颜_服_半裸_通常_13,Face_13_0_0.png,0,0,270,270
别颜_服_半裸_笑颜_13,Face_13_0_0.png,270,0,270,270
别颜_服_半裸_愤怒_13,Face_13_0_0.png,540,0,270,270
别颜_服_半裸_反抗_13,Face_13_0_0.png,810,0,270,270
别颜_服_半裸_赤面_13,Face_13_0_0.png,1080,0,270,270
别颜_服_半裸_LOVE_13,Face_13_0_0.png,1350,0,270,270

别颜_服_半裸_发情_13,Face_13_0_0.png,0,270,270,270
别颜_服_半裸_爱抚_13,Face_13_0_0.png,270,270,270,270
别颜_服_半裸_性行_13,Face_13_0_0.png,540,270,270,270
别颜_服_半裸_绝顶_13,Face_13_0_0.png,810,270,270,270
别颜_服_半裸_睡眠_13,Face_13_0_0.png,1080,270,270,270

别颜_妊娠服_半裸_通常_13,Face_13_0_1.png,0,0,270,270
别颜_妊娠服_半裸_笑颜_13,Face_13_0_1.png,270,0,270,270
别颜_妊娠服_半裸_愤怒_13,Face_13_0_1.png,540,0,270,270
别颜_妊娠服_半裸_反抗_13,Face_13_0_1.png,810,0,270,270
别颜_妊娠服_半裸_赤面_13,Face_13_0_1.png,1080,0,270,270
别颜_妊娠服_半裸_LOVE_13,Face_13_0_1.png,1350,0,270,270

别颜_妊娠服_半裸_发情_13,Face_13_0_1.png,0,270,270,270
别颜_妊娠服_半裸_爱抚_13,Face_13_0_1.png,270,270,270,270
别颜_妊娠服_半裸_性行_13,Face_13_0_1.png,540,270,270,270
别颜_妊娠服_半裸_绝顶_13,Face_13_0_1.png,810,270,270,270
别颜_妊娠服_半裸_睡眠_13,Face_13_0_1.png,1080,270,270,270

;  default underwear
;-------------------------------------
别颜_服_内衣_通常_13,Face_13_1_0.png,0,0,270,270
别颜_服_内衣_笑颜_13,Face_13_1_0.png,270,0,270,270
别颜_服_内衣_愤怒_13,Face_13_1_0.png,540,0,270,270
别颜_服_内衣_反抗_13,Face_13_1_0.png,810,0,270,270
别颜_服_内衣_赤面_13,Face_13_1_0.png,1080,0,270,270
别颜_服_内衣_LOVE_13,Face_13_1_0.png,1350,0,270,270

别颜_服_内衣_发情_13,Face_13_1_0.png,0,270,270,270
别颜_服_内衣_爱抚_13,Face_13_1_0.png,270,270,270,270
别颜_服_内衣_性行_13,Face_13_1_0.png,540,270,270,270
别颜_服_内衣_绝顶_13,Face_13_1_0.png,810,270,270,270
别颜_服_内衣_睡眠_13,Face_13_1_0.png,1080,270,270,270

别颜_妊娠服_内衣_通常_13,Face_13_1_1.png,0,0,270,270
别颜_妊娠服_内衣_笑颜_13,Face_13_1_1.png,270,0,270,270
别颜_妊娠服_内衣_愤怒_13,Face_13_1_1.png,540,0,270,270
别颜_妊娠服_内衣_反抗_13,Face_13_1_1.png,810,0,270,270
别颜_妊娠服_内衣_赤面_13,Face_13_1_1.png,1080,0,270,270
别颜_妊娠服_内衣_LOVE_13,Face_13_1_1.png,1350,0,270,270

别颜_妊娠服_内衣_发情_13,Face_13_1_1.png,0,270,270,270
别颜_妊娠服_内衣_爱抚_13,Face_13_1_1.png,270,270,270,270
别颜_妊娠服_内衣_性行_13,Face_13_1_1.png,540,270,270,270
别颜_妊娠服_内衣_绝顶_13,Face_13_1_1.png,810,270,270,270
别颜_妊娠服_内衣_睡眠_13,Face_13_1_1.png,1080,270,270,270

;  default 
;-------------------------------------
别颜_服_通常_13,Face_13_2_0.png,0,0,270,270
别颜_服_笑颜_13,Face_13_2_0.png,270,0,270,270
别颜_服_愤怒_13,Face_13_2_0.png,540,0,270,270
别颜_服_反抗_13,Face_13_2_0.png,810,0,270,270
别颜_服_赤面_13,Face_13_2_0.png,1080,0,270,270
别颜_服_LOVE_13,Face_13_2_0.png,1350,0,270,270

别颜_服_发情_13,Face_13_2_0.png,0,270,270,270
别颜_服_爱抚_13,Face_13_2_0.png,270,270,270,270
别颜_服_性行_13,Face_13_2_0.png,540,270,270,270
别颜_服_绝顶_13,Face_13_2_0.png,810,270,270,270
别颜_服_睡眠_13,Face_13_2_0.png,1080,270,270,270

别颜_妊娠服_通常_13,Face_13_2_1.png,0,0,270,270
别颜_妊娠服_笑颜_13,Face_13_2_1.png,270,0,270,270
别颜_妊娠服_愤怒_13,Face_13_2_1.png,540,0,270,270
别颜_妊娠服_反抗_13,Face_13_2_1.png,810,0,270,270
别颜_妊娠服_赤面_13,Face_13_2_1.png,1080,0,270,270
别颜_妊娠服_LOVE_13,Face_13_2_1.png,1350,0,270,270

别颜_妊娠服_发情_13,Face_13_2_1.png,0,270,270,270
别颜_妊娠服_爱抚_13,Face_13_2_1.png,270,270,270,270
别颜_妊娠服_性行_13,Face_13_2_1.png,540,270,270,270
别颜_妊娠服_绝顶_13,Face_13_2_1.png,810,270,270,270
别颜_妊娠服_睡眠_13,Face_13_2_1.png,1080,270,270,270

;  Sleep Wear
;-------------------------------------
别颜_服_睡衣_通常_13,Face_13_3_0.png,0,0,270,270
别颜_服_睡衣_笑颜_13,Face_13_3_0.png,270,0,270,270
别颜_服_睡衣_愤怒_13,Face_13_3_0.png,540,0,270,270
别颜_服_睡衣_反抗_13,Face_13_3_0.png,810,0,270,270
别颜_服_睡衣_赤面_13,Face_13_3_0.png,1080,0,270,270
别颜_服_睡衣_LOVE_13,Face_13_3_0.png,1350,0,270,270

别颜_服_睡衣_发情_13,Face_13_3_0.png,0,270,270,270
别颜_服_睡衣_爱抚_13,Face_13_3_0.png,270,270,270,270
别颜_服_睡衣_性行_13,Face_13_3_0.png,540,270,270,270
别颜_服_睡衣_绝顶_13,Face_13_3_0.png,810,270,270,270
别颜_服_睡衣_睡眠_13,Face_13_3_0.png,1080,270,270,270

; Stand
;-----------------------------------

别立ち_裸_通常_13,Stand_13_0_0.png,0,0,270,270
别立ち_裸_笑颜_13,Stand_13_0_0.png,270,0,270,270
别立ち_裸_愤怒_13,Stand_13_0_0.png,540,0,270,270
别立ち_裸_反抗_13,Stand_13_0_0.png,810,0,270,270
别立ち_裸_赤面_13,Stand_13_0_0.png,1080,0,270,270
别立ち_裸_LOVE_13,Stand_13_0_0.png,1350,0,270,270

别立ち_裸_发情_13,Stand_13_0_0.png,0,270,270,270
别立ち_裸_爱抚_13,Stand_13_0_0.png,270,270,270,270
别立ち_裸_性行_13,Stand_13_0_0.png,540,270,270,270
别立ち_裸_绝顶_13,Stand_13_0_0.png,810,270,270,270
别立ち_裸_睡眠_13,Stand_13_0_0.png,1080,270,270,270

别立ち_妊娠裸_通常_13,Stand_13_0_1.png,0,0,270,270
别立ち_妊娠裸_笑颜_13,Stand_13_0_1.png,270,0,270,270
别立ち_妊娠裸_愤怒_13,Stand_13_0_1.png,540,0,270,270
别立ち_妊娠裸_反抗_13,Stand_13_0_1.png,810,0,270,270
别立ち_妊娠裸_赤面_13,Stand_13_0_1.png,1080,0,270,270
别立ち_妊娠裸_LOVE_13,Stand_13_0_1.png,1350,0,270,270

别立ち_妊娠裸_发情_13,Stand_13_0_1.png,0,270,270,270
别立ち_妊娠裸_爱抚_13,Stand_13_0_1.png,270,270,270,270
别立ち_妊娠裸_性行_13,Stand_13_0_1.png,540,270,270,270
别立ち_妊娠裸_绝顶_13,Stand_13_0_1.png,810,270,270,270
别立ち_妊娠裸_睡眠_13,Stand_13_0_1.png,1080,270,270,270

; Full underwear
;----------------------------------------

别立ち_服_内衣_通常_13,Stand_13_1_0.png,0,0,270,270
别立ち_服_内衣_笑颜_13,Stand_13_1_0.png,270,0,270,270
别立ち_服_内衣_愤怒_13,Stand_13_1_0.png,540,0,270,270
别立ち_服_内衣_反抗_13,Stand_13_1_0.png,810,0,270,270
别立ち_服_内衣_赤面_13,Stand_13_1_0.png,1080,0,270,270
别立ち_服_内衣_LOVE_13,Stand_13_1_0.png,1350,0,270,270

别立ち_服_内衣_发情_13,Stand_13_1_0.png,0,270,270,270
别立ち_服_内衣_爱抚_13,Stand_13_1_0.png,270,270,270,270
别立ち_服_内衣_性行_13,Stand_13_1_0.png,540,270,270,270
别立ち_服_内衣_绝顶_13,Stand_13_1_0.png,810,270,270,270
别立ち_服_内衣_睡眠_13,Stand_13_1_0.png,1080,270,270,270

别立ち_妊娠服_内衣_通常_13,Stand_13_1_1.png,0,0,270,270
别立ち_妊娠服_内衣_笑颜_13,Stand_13_1_1.png,270,0,270,270
别立ち_妊娠服_内衣_愤怒_13,Stand_13_1_1.png,540,0,270,270
别立ち_妊娠服_内衣_反抗_13,Stand_13_1_1.png,810,0,270,270
别立ち_妊娠服_内衣_赤面_13,Stand_13_1_1.png,1080,0,270,270
别立ち_妊娠服_内衣_LOVE_13,Stand_13_1_1.png,1350,0,270,270

别立ち_妊娠服_内衣_发情_13,Stand_13_1_1.png,0,270,270,270
别立ち_妊娠服_内衣_爱抚_13,Stand_13_1_1.png,270,270,270,270
别立ち_妊娠服_内衣_性行_13,Stand_13_1_1.png,540,270,270,270
别立ち_妊娠服_内衣_绝顶_13,Stand_13_1_1.png,810,270,270,270
别立ち_妊娠服_内衣_睡眠_13,Stand_13_1_1.png,1080,270,270,270

; Bra only
;----------------------------------------

别立ち_服_ブラ_通常_13,Stand_13_2_0.png,0,0,270,270
别立ち_服_ブラ_笑颜_13,Stand_13_2_0.png,270,0,270,270
别立ち_服_ブラ_愤怒_13,Stand_13_2_0.png,540,0,270,270
别立ち_服_ブラ_反抗_13,Stand_13_2_0.png,810,0,270,270
别立ち_服_ブラ_赤面_13,Stand_13_2_0.png,1080,0,270,270
别立ち_服_ブラ_LOVE_13,Stand_13_2_0.png,1350,0,270,270

别立ち_服_ブラ_发情_13,Stand_13_2_0.png,0,270,270,270
别立ち_服_ブラ_爱抚_13,Stand_13_2_0.png,270,270,270,270
别立ち_服_ブラ_性行_13,Stand_13_2_0.png,540,270,270,270
别立ち_服_ブラ_绝顶_13,Stand_13_2_0.png,810,270,270,270
别立ち_服_ブラ_睡眠_13,Stand_13_2_0.png,1080,270,270,270

别立ち_妊娠服_ブラ_通常_13,Stand_13_2_1.png,0,0,270,270
别立ち_妊娠服_ブラ_笑颜_13,Stand_13_2_1.png,270,0,270,270
别立ち_妊娠服_ブラ_愤怒_13,Stand_13_2_1.png,540,0,270,270
别立ち_妊娠服_ブラ_反抗_13,Stand_13_2_1.png,810,0,270,270
别立ち_妊娠服_ブラ_赤面_13,Stand_13_2_1.png,1080,0,270,270
别立ち_妊娠服_ブラ_LOVE_13,Stand_13_2_1.png,1350,0,270,270

别立ち_妊娠服_ブラ_发情_13,Stand_13_2_1.png,0,270,270,270
别立ち_妊娠服_ブラ_爱抚_13,Stand_13_2_1.png,270,270,270,270
别立ち_妊娠服_ブラ_性行_13,Stand_13_2_1.png,540,270,270,270
别立ち_妊娠服_ブラ_绝顶_13,Stand_13_2_1.png,810,270,270,270
别立ち_妊娠服_ブラ_睡眠_13,Stand_13_2_1.png,1080,270,270,270

; pants only
;---------------------------------------
别立ち_服_针织衫_通常_13,Stand_13_3_0.png,0,0,270,270
别立ち_服_针织衫_笑颜_13,Stand_13_3_0.png,270,0,270,270
别立ち_服_针织衫_愤怒_13,Stand_13_3_0.png,540,0,270,270
别立ち_服_针织衫_反抗_13,Stand_13_3_0.png,810,0,270,270
别立ち_服_针织衫_赤面_13,Stand_13_3_0.png,1080,0,270,270
别立ち_服_针织衫_LOVE_13,Stand_13_3_0.png,1350,0,270,270

别立ち_服_针织衫_发情_13,Stand_13_3_0.png,0,270,270,270
别立ち_服_针织衫_爱抚_13,Stand_13_3_0.png,270,270,270,270
别立ち_服_针织衫_性行_13,Stand_13_3_0.png,540,270,270,270
别立ち_服_针织衫_绝顶_13,Stand_13_3_0.png,810,270,270,270
别立ち_服_针织衫_睡眠_13,Stand_13_3_0.png,1080,270,270,270

别立ち_妊娠服_针织衫_通常_13,Stand_13_3_1.png,0,0,270,270
别立ち_妊娠服_针织衫_笑颜_13,Stand_13_3_1.png,270,0,270,270
别立ち_妊娠服_针织衫_愤怒_13,Stand_13_3_1.png,540,0,270,270
别立ち_妊娠服_针织衫_反抗_13,Stand_13_3_1.png,810,0,270,270
别立ち_妊娠服_针织衫_赤面_13,Stand_13_3_1.png,1080,0,270,270
别立ち_妊娠服_针织衫_LOVE_13,Stand_13_3_1.png,1350,0,270,270

别立ち_妊娠服_针织衫_发情_13,Stand_13_3_1.png,0,270,270,270
别立ち_妊娠服_针织衫_爱抚_13,Stand_13_3_1.png,270,270,270,270
别立ち_妊娠服_针织衫_性行_13,Stand_13_3_1.png,540,270,270,270
别立ち_妊娠服_针织衫_绝顶_13,Stand_13_3_1.png,810,270,270,270
别立ち_妊娠服_针织衫_睡眠_13,Stand_13_3_1.png,1080,270,270,270


; Normal
;---------------------------------------
别立ち_服_通常_13,Stand_13_4_0.png,0,0,270,270
别立ち_服_笑颜_13,Stand_13_4_0.png,270,0,270,270
别立ち_服_愤怒_13,Stand_13_4_0.png,540,0,270,270
别立ち_服_反抗_13,Stand_13_4_0.png,810,0,270,270
别立ち_服_赤面_13,Stand_13_4_0.png,1080,0,270,270
别立ち_服_LOVE_13,Stand_13_4_0.png,1350,0,270,270

别立ち_服_发情_13,Stand_13_4_0.png,0,270,270,270
别立ち_服_爱抚_13,Stand_13_4_0.png,270,270,270,270
别立ち_服_性行_13,Stand_13_4_0.png,540,270,270,270
别立ち_服_绝顶_13,Stand_13_4_0.png,810,270,270,270
别立ち_服_睡眠_13,Stand_13_4_0.png,1080,270,270,270

别立ち_妊娠服_通常_13,Stand_13_4_1.png,0,0,270,270
别立ち_妊娠服_笑颜_13,Stand_13_4_1.png,270,0,270,270
别立ち_妊娠服_愤怒_13,Stand_13_4_1.png,540,0,270,270
别立ち_妊娠服_反抗_13,Stand_13_4_1.png,810,0,270,270
别立ち_妊娠服_赤面_13,Stand_13_4_1.png,1080,0,270,270
别立ち_妊娠服_LOVE_13,Stand_13_4_1.png,1350,0,270,270

别立ち_妊娠服_发情_13,Stand_13_4_1.png,0,270,270,270
别立ち_妊娠服_爱抚_13,Stand_13_4_1.png,270,270,270,270
别立ち_妊娠服_性行_13,Stand_13_4_1.png,540,270,270,270
别立ち_妊娠服_绝顶_13,Stand_13_4_1.png,810,270,270,270
别立ち_妊娠服_睡眠_13,Stand_13_4_1.png,1080,270,270,270


;  Sleep
;---------------------------------------
别立ち_服_睡衣_通常_13,Stand_13_5_0.png,0,0,270,270
别立ち_服_睡衣_笑颜_13,Stand_13_5_0.png,270,0,270,270
别立ち_服_睡衣_愤怒_13,Stand_13_5_0.png,540,0,270,270
别立ち_服_睡衣_反抗_13,Stand_13_5_0.png,810,0,270,270
别立ち_服_睡衣_赤面_13,Stand_13_5_0.png,1080,0,270,270
别立ち_服_睡衣_LOVE_13,Stand_13_5_0.png,1350,0,270,270

别立ち_服_睡衣_发情_13,Stand_13_5_0.png,0,270,270,270
别立ち_服_睡衣_爱抚_13,Stand_13_5_0.png,270,270,270,270
别立ち_服_睡衣_性行_13,Stand_13_5_0.png,540,270,270,270
别立ち_服_睡衣_绝顶_13,Stand_13_5_0.png,810,270,270,270
别立ち_服_睡衣_睡眠_13,Stand_13_5_0.png,1080,270,270,270
